date,temp,humid

2025-10-27#20:07:06,15.0,68.0
2025-10-27#20:07:09,15.0,68.0
2025-10-27#20:07:11,15.0,68.0
2025-10-27#20:07:13,15.0,68.0
2025-10-27#20:07:25,15.0,68.0
2025-10-27#20:07:27,15.0,67.0
2025-10-27#20:07:29,15.0,67.0
2025-10-27#20:08:02,15.0,67.0
2025-10-27#20:08:04,15.0,67.0
2025-10-27#20:08:06,15.0,67.0
2025-10-27#20:08:09,15.0,67.0
2025-10-27#20:08:11,15.0,67.0
2025-10-27#20:13:53,18.2,69.0
2025-10-27#20:13:56,18.2,69.0
2025-10-27#20:13:58,18.2,69.0
2025-10-27#20:14:00,18.3,68.0
2025-10-27#20:14:02,18.3,68.0
2025-10-27#20:14:05,18.4,67.0
2025-10-27#20:20:29,18.4,66.0
2025-10-27#20:20:39,18.4,66.0
2025-10-27#20:20:50,17.7,65.0
2025-10-27#20:21:00,17.0,64.0
2025-10-27#20:21:10,16.3,64.0
2025-10-27#20:21:20,15.6,64.0
2025-10-27#20:21:31,15.5,64.0
2025-10-27#20:21:41,15.5,64.0
2025-10-27#20:21:51,15.5,64.0
2025-10-27#20:22:01,15.5,64.0
2025-10-27#20:22:12,15.5,64.0
2025-10-27#20:22:22,15.5,64.0
2025-10-27#20:22:32,15.5,64.0
2025-10-27#20:22:42,15.5,64.0
2025-10-27#20:22:53,15.4,65.0
2025-10-27#20:23:03,15.4,65.0
2025-10-27#20:23:13,15.4,65.0
2025-10-27#20:23:23,15.4,65.0
2025-10-27#20:23:34,15.4,65.0
2025-10-27#20:23:44,15.4,65.0
2025-10-27#20:23:54,15.4,65.0
2025-10-27#20:24:04,15.3,65.0
2025-10-27#20:24:15,15.3,65.0
2025-10-27#20:24:25,15.3,65.0
2025-10-27#20:24:35,15.3,65.0
2025-10-27#20:24:45,15.3,65.0
2025-10-27#20:24:56,15.3,65.0
2025-10-27#20:25:06,15.3,65.0
2025-10-27#20:25:16,15.3,65.0
2025-10-27#20:25:26,15.3,65.0
2025-10-27#20:25:37,15.3,65.0
2025-10-27#20:25:47,15.2,65.0
2025-10-27#20:25:57,15.2,65.0
2025-10-27#20:26:07,15.2,65.0
2025-10-27#20:26:18,15.2,65.0
2025-10-27#20:26:28,15.2,65.0
2025-10-27#20:26:38,15.2,65.0
2025-10-27#20:26:48,15.2,65.0
2025-10-27#20:26:59,15.2,65.0
2025-10-27#20:27:09,15.2,65.0
2025-10-27#20:27:19,15.2,65.0
2025-10-27#20:27:29,15.2,66.0
2025-10-27#20:27:40,15.2,66.0
2025-10-27#20:27:50,15.2,66.0
2025-10-27#20:28:00,15.2,66.0
2025-10-27#20:28:11,15.1,66.0
2025-10-27#20:28:21,15.2,66.0
2025-10-27#20:28:31,15.1,66.0
2025-10-27#20:28:41,15.2,66.0
2025-10-27#20:28:52,15.1,66.0
2025-10-27#20:29:02,15.1,66.0
2025-10-27#20:29:12,15.1,66.0
2025-10-27#20:29:22,15.1,66.0
2025-10-27#20:29:54,15.1,66.0
2025-10-27#20:30:09,15.1,66.0
2025-10-27#20:30:25,15.1,66.0
2025-10-27#20:30:40,15.1,66.0
2025-10-27#20:30:55,15.1,66.0
2025-10-27#20:31:10,15.1,66.0
2025-10-27#20:31:26,15.1,66.0
2025-10-27#20:31:56,15.1,66.0
2025-10-27#20:32:12,15.1,66.0
2025-10-27#20:32:27,15.1,66.0
2025-10-27#20:32:42,15.1,66.0
2025-10-27#20:32:57,15.1,66.0
2025-10-27#20:33:13,15.1,66.0
2025-10-27#20:33:28,15.1,66.0
2025-10-27#20:33:43,15.1,66.0
2025-10-27#20:33:58,15.1,66.0
2025-10-27#20:34:14,15.1,66.0
2025-10-27#20:34:29,15.1,66.0
2025-10-27#20:34:44,15.1,66.0
2025-10-27#20:34:59,15.1,66.0
2025-10-27#20:35:15,15.1,66.0
2025-10-27#20:35:30,15.1,66.0
2025-10-27#20:35:45,15.1,66.0
2025-10-27#20:36:00,15.1,66.0
2025-10-27#20:36:16,15.1,66.0
2025-10-27#20:36:46,15.1,66.0
2025-10-27#20:37:01,15.1,66.0
2025-10-27#20:37:17,15.1,66.0
2025-10-27#20:37:32,15.1,66.0
2025-10-27#20:37:47,15.1,66.0
2025-10-27#20:38:02,15.1,66.0
2025-10-27#20:38:18,15.1,66.0
2025-10-27#20:38:33,15.0,66.0
2025-10-27#20:38:48,15.0,66.0
2025-10-27#20:39:03,15.0,66.0
2025-10-27#20:39:19,15.0,66.0
2025-10-27#20:39:34,15.0,66.0
2025-10-27#20:39:49,15.0,66.0
2025-10-27#20:40:04,15.0,67.0
2025-10-27#20:40:20,15.0,67.0
2025-10-27#20:40:35,15.0,67.0
2025-10-27#20:40:50,15.0,67.0
2025-10-27#20:41:05,15.0,67.0
2025-10-27#20:41:21,15.0,67.0
2025-10-27#20:41:36,15.0,67.0
2025-10-27#20:41:51,15.0,67.0
2025-10-27#20:42:06,15.0,67.0
2025-10-27#20:42:22,15.0,67.0
2025-10-27#20:42:37,15.0,67.0
2025-10-27#20:42:52,15.0,67.0
2025-10-27#20:43:07,15.0,67.0
2025-10-27#20:43:23,15.0,67.0
2025-10-27#20:43:38,15.0,67.0
2025-10-27#20:43:53,15.0,67.0
2025-10-27#20:44:08,15.0,67.0
2025-10-27#20:44:24,15.0,67.0
2025-10-27#20:44:39,15.0,67.0
2025-10-27#20:44:54,15.0,67.0
2025-10-27#20:45:09,15.0,67.0
2025-10-27#20:45:25,15.0,67.0
2025-10-27#20:45:40,15.0,67.0
2025-10-27#20:45:55,15.0,67.0
2025-10-27#20:46:10,15.0,67.0
2025-10-27#20:46:26,15.0,67.0
2025-10-27#20:46:41,14.9,67.0
2025-10-27#20:46:56,14.9,67.0
2025-10-27#20:47:11,14.9,67.0
2025-10-27#20:47:27,14.9,67.0
2025-10-27#20:47:42,14.9,67.0
2025-10-27#20:47:57,14.9,67.0
2025-10-27#20:48:13,14.9,67.0
2025-10-27#20:48:28,14.9,67.0
2025-10-27#20:48:43,14.9,67.0
2025-10-27#20:48:58,14.9,67.0
2025-10-27#20:49:14,14.9,67.0
2025-10-27#20:49:29,14.9,67.0
2025-10-27#20:49:44,14.9,67.0
2025-10-27#20:49:59,14.9,67.0
2025-10-27#20:50:15,14.9,67.0
2025-10-27#20:50:30,14.9,67.0
2025-10-27#20:50:45,14.9,67.0
2025-10-27#20:51:00,14.9,67.0
2025-10-27#20:51:16,14.9,67.0
2025-10-27#20:51:31,14.9,67.0
2025-10-27#20:51:46,14.9,67.0
2025-10-27#20:52:01,14.9,67.0
2025-10-27#20:52:17,14.9,67.0
2025-10-27#20:52:32,14.9,67.0
2025-10-27#20:53:02,14.9,67.0
2025-10-27#20:53:18,14.9,67.0
2025-10-27#20:53:33,14.9,67.0
2025-10-27#20:53:48,14.9,67.0
2025-10-27#20:54:03,14.9,67.0
2025-10-27#20:54:19,14.9,67.0
2025-10-27#20:54:34,14.9,67.0
2025-10-27#20:54:49,14.9,67.0
2025-10-27#20:55:04,14.9,67.0
2025-10-27#20:55:20,14.9,67.0
2025-10-27#20:55:35,14.9,67.0
2025-10-27#20:55:50,14.9,67.0
2025-10-27#20:56:05,14.9,67.0
2025-10-27#20:56:21,14.9,67.0
2025-10-27#20:56:36,14.9,67.0
2025-10-27#20:56:51,14.9,67.0
2025-10-27#20:57:06,14.9,67.0
2025-10-27#20:57:22,14.9,67.0
2025-10-27#20:57:37,14.9,67.0
2025-10-27#20:57:52,14.9,67.0
2025-10-27#20:58:07,14.9,67.0
2025-10-27#20:58:23,14.9,67.0
2025-10-27#20:58:38,14.9,67.0
2025-10-27#20:58:53,14.9,67.0
2025-10-27#20:59:08,14.9,67.0
2025-10-27#20:59:24,14.9,67.0
2025-10-27#20:59:39,14.9,67.0
2025-10-27#20:59:54,14.9,67.0
2025-10-27#21:00:09,14.9,67.0
2025-10-27#21:00:25,14.9,67.0
2025-10-27#21:00:40,14.9,67.0
2025-10-27#21:00:55,14.9,67.0
2025-10-27#21:01:10,14.9,67.0
2025-10-27#21:01:26,14.9,67.0
2025-10-27#21:01:41,14.9,67.0
2025-10-27#21:01:56,14.9,67.0
2025-10-27#21:02:11,14.9,67.0
2025-10-27#21:02:27,14.9,67.0
2025-10-27#21:02:42,14.9,67.0
2025-10-27#21:02:57,14.9,67.0
2025-10-27#21:03:12,14.9,67.0
2025-10-27#21:03:28,14.9,67.0
2025-10-27#21:03:43,14.9,67.0
2025-10-27#21:03:58,14.9,67.0
2025-10-27#21:04:13,14.9,67.0
2025-10-27#21:04:29,14.8,67.0
2025-10-27#21:04:44,14.8,67.0
2025-10-27#21:04:59,14.8,67.0
2025-10-27#21:05:14,14.8,67.0
2025-10-27#21:05:30,14.8,67.0
2025-10-27#21:05:45,14.8,67.0
2025-10-27#21:06:00,14.9,67.0
2025-10-27#21:06:15,14.9,67.0
2025-10-27#21:06:31,14.9,67.0
2025-10-27#21:06:46,14.8,67.0
2025-10-27#21:07:01,14.8,67.0
2025-10-27#21:07:16,14.8,67.0
2025-10-27#21:07:32,14.8,67.0
2025-10-27#21:07:47,14.8,67.0
2025-10-27#21:08:02,14.8,67.0
2025-10-27#21:08:33,14.8,67.0
2025-10-27#21:08:48,14.8,67.0
2025-10-27#21:09:03,14.8,67.0
2025-10-27#21:09:18,14.8,67.0
2025-10-27#21:09:34,14.8,67.0
2025-10-27#21:09:49,14.8,67.0
2025-10-27#21:10:04,14.8,67.0
2025-10-27#21:10:19,14.8,67.0
2025-10-27#21:10:35,14.8,67.0
2025-10-27#21:10:50,14.8,67.0
2025-10-27#21:11:05,14.8,67.0
2025-10-27#21:11:20,14.8,67.0
2025-10-27#21:11:36,14.8,67.0
2025-10-27#21:11:51,14.8,67.0
2025-10-27#21:12:06,14.8,67.0
2025-10-27#21:12:21,14.8,67.0
2025-10-27#21:12:37,14.8,67.0
2025-10-27#21:12:52,14.8,67.0
2025-10-27#21:13:07,14.8,67.0
2025-10-27#21:13:22,14.8,67.0
2025-10-27#21:13:38,14.8,67.0
2025-10-27#21:13:53,14.8,67.0
2025-10-27#21:14:08,14.8,67.0
2025-10-27#21:14:24,14.8,67.0
2025-10-27#21:14:39,14.8,67.0
2025-10-27#21:14:54,14.8,67.0
2025-10-27#21:15:09,14.8,67.0
2025-10-27#21:15:25,14.8,67.0
2025-10-27#21:15:40,14.8,67.0
2025-10-27#21:15:55,14.8,67.0
2025-10-27#21:16:10,14.8,67.0
2025-10-27#21:16:26,14.8,67.0
2025-10-27#21:16:41,14.8,67.0
2025-10-27#21:16:56,14.8,67.0
2025-10-27#21:17:11,14.8,67.0
2025-10-27#21:17:27,14.8,67.0
2025-10-27#21:17:42,14.8,67.0
2025-10-27#21:17:57,14.8,67.0
2025-10-27#21:18:12,14.8,67.0
2025-10-27#21:18:28,14.8,67.0
2025-10-27#21:18:43,14.8,67.0
2025-10-27#21:18:58,14.8,67.0
2025-10-27#21:19:13,14.8,67.0
2025-10-27#21:19:29,14.8,67.0
2025-10-27#21:19:44,14.8,67.0
2025-10-27#21:19:59,14.8,67.0
2025-10-27#21:20:14,14.8,67.0
2025-10-27#21:20:30,14.8,67.0
2025-10-27#21:20:45,14.8,67.0
2025-10-27#21:21:00,14.8,67.0
2025-10-27#21:21:15,14.8,67.0
2025-10-27#21:21:31,14.8,67.0
2025-10-27#21:21:46,14.8,67.0
2025-10-27#21:22:01,14.8,67.0
2025-10-27#21:22:16,14.8,67.0
2025-10-27#21:22:32,14.8,67.0
2025-10-27#21:22:47,14.8,67.0
2025-10-27#21:23:02,14.8,67.0
2025-10-27#21:23:17,14.8,67.0
2025-10-27#21:23:33,14.8,67.0
2025-10-27#21:23:48,14.8,67.0
2025-10-27#21:24:03,14.8,67.0
2025-10-27#21:24:18,14.8,67.0
2025-10-27#21:24:34,14.8,67.0
2025-10-27#21:24:49,14.8,67.0
2025-10-27#21:25:04,14.8,67.0
2025-10-27#21:25:19,14.8,67.0
2025-10-27#21:25:35,14.8,67.0
2025-10-27#21:25:50,14.8,67.0
2025-10-27#21:26:05,14.8,67.0
2025-10-27#21:26:20,14.8,67.0
2025-10-27#21:26:36,14.8,67.0
2025-10-27#21:26:51,14.8,67.0
2025-10-27#21:27:06,14.8,67.0
2025-10-27#21:27:21,14.8,67.0
2025-10-27#21:27:37,14.8,67.0
2025-10-27#21:27:52,14.8,67.0
2025-10-27#21:28:07,14.8,67.0
2025-10-27#21:28:22,14.8,67.0
2025-10-27#21:28:38,14.8,67.0
2025-10-27#21:28:53,14.8,67.0
2025-10-27#21:29:08,14.8,67.0
2025-10-27#21:29:39,14.8,67.0
2025-10-27#21:29:54,14.8,67.0
2025-10-27#21:30:09,14.8,67.0
2025-10-27#21:30:24,14.8,67.0
2025-10-27#21:30:40,14.8,67.0
2025-10-27#21:30:55,14.8,67.0
2025-10-27#21:31:10,14.8,67.0
2025-10-27#21:31:25,14.8,67.0
2025-10-27#21:31:41,14.8,67.0
2025-10-27#21:31:56,14.8,67.0
2025-10-27#21:32:11,14.8,67.0
2025-10-27#21:32:26,14.8,67.0
2025-10-27#21:32:42,14.8,67.0
2025-10-27#21:32:57,14.8,67.0
2025-10-27#21:33:12,14.8,67.0
2025-10-27#21:33:27,14.8,67.0
2025-10-27#21:33:43,14.8,67.0
2025-10-27#21:33:58,14.8,67.0
2025-10-27#21:34:13,14.8,67.0
2025-10-27#21:34:28,14.8,67.0
2025-10-27#21:34:44,14.8,67.0
2025-10-27#21:34:59,14.8,67.0
2025-10-27#21:35:14,14.8,67.0
2025-10-27#21:35:29,14.8,67.0
2025-10-27#21:35:45,14.8,67.0
2025-10-27#21:36:00,14.8,67.0
2025-10-27#21:36:15,14.8,67.0
2025-10-27#21:36:30,14.8,67.0
2025-10-27#21:36:46,14.8,67.0
2025-10-27#21:37:01,14.8,67.0
2025-10-27#21:37:16,14.8,67.0
2025-10-27#21:37:32,14.8,67.0
2025-10-27#21:37:47,14.8,67.0
2025-10-27#21:38:02,14.8,67.0
2025-10-27#21:38:17,14.8,67.0
2025-10-27#21:38:33,14.8,67.0
2025-10-27#21:38:48,14.8,67.0
2025-10-27#21:39:03,14.8,67.0
2025-10-27#21:39:18,14.8,67.0
2025-10-27#21:39:34,14.8,67.0
2025-10-27#21:39:49,14.8,67.0
2025-10-27#21:40:04,14.8,67.0
2025-10-27#21:40:19,14.8,67.0
2025-10-27#21:40:35,14.8,67.0
2025-10-27#21:40:50,14.8,67.0
2025-10-27#21:41:05,14.8,67.0
2025-10-27#21:41:20,14.8,67.0
2025-10-27#21:41:36,14.8,67.0
2025-10-27#21:41:51,14.7,67.0
2025-10-27#21:42:06,14.7,67.0
2025-10-27#21:42:21,14.7,67.0
2025-10-27#21:42:37,14.7,67.0
2025-10-27#21:42:52,14.7,67.0
2025-10-27#21:43:07,14.7,67.0
2025-10-27#21:43:22,14.7,67.0
2025-10-27#21:43:38,14.7,67.0
2025-10-27#21:43:53,14.7,67.0
2025-10-27#21:44:08,14.7,67.0
2025-10-27#21:44:23,14.7,67.0
2025-10-27#21:44:39,14.8,67.0
2025-10-27#21:44:54,14.7,67.0
2025-10-27#21:45:09,14.7,67.0
2025-10-27#21:45:24,14.7,67.0
2025-10-27#21:45:40,14.7,67.0
2025-10-27#21:45:55,14.7,67.0
2025-10-27#21:46:10,14.7,67.0
2025-10-27#21:46:25,14.7,67.0
2025-10-27#21:46:41,14.7,67.0
2025-10-27#21:46:56,14.7,67.0
2025-10-27#21:47:11,14.7,67.0
2025-10-27#21:47:26,14.7,67.0
2025-10-27#21:47:42,14.7,67.0
2025-10-27#21:47:57,14.7,67.0
2025-10-27#21:48:12,14.7,67.0
2025-10-27#21:48:27,14.7,67.0
2025-10-27#21:48:43,14.7,67.0
2025-10-27#21:48:58,14.7,67.0
2025-10-27#21:49:13,14.7,67.0
2025-10-27#21:49:28,14.7,67.0
2025-10-27#21:49:44,14.7,67.0
2025-10-27#21:49:59,14.7,67.0
2025-10-27#21:50:14,14.7,67.0
2025-10-27#21:50:29,14.7,67.0
2025-10-27#21:50:45,14.7,67.0
2025-10-27#21:51:00,14.7,67.0
2025-10-27#21:51:15,14.7,67.0
2025-10-27#21:51:30,14.7,67.0
2025-10-27#21:51:46,14.7,67.0
2025-10-27#21:52:01,14.7,67.0
2025-10-27#21:52:16,14.7,67.0
2025-10-27#21:52:31,14.7,67.0
2025-10-27#21:52:47,14.7,67.0
2025-10-27#21:53:02,14.7,67.0
2025-10-27#21:53:17,14.7,67.0
2025-10-27#21:53:32,14.7,67.0
2025-10-27#21:53:48,14.7,67.0
2025-10-27#21:54:03,14.7,67.0
2025-10-27#21:54:18,14.7,67.0
2025-10-27#21:54:33,14.7,67.0
2025-10-27#21:54:49,14.7,67.0
2025-10-27#21:55:04,14.7,67.0
2025-10-27#21:55:19,14.7,67.0
2025-10-27#21:55:34,14.7,67.0
2025-10-27#21:55:50,14.7,67.0
2025-10-27#21:56:05,14.7,67.0
2025-10-27#21:56:20,14.7,67.0
2025-10-27#21:56:35,14.7,67.0
2025-10-27#21:56:51,14.7,67.0
2025-10-27#21:57:06,14.7,67.0
2025-10-27#21:57:21,14.7,67.0
2025-10-27#21:57:36,14.7,67.0
2025-10-27#21:57:52,14.7,67.0
2025-10-27#21:58:07,14.7,67.0
2025-10-27#21:58:22,14.7,67.0
2025-10-27#21:58:37,14.7,67.0
2025-10-27#21:58:53,14.7,67.0
2025-10-27#21:59:08,14.7,67.0
2025-10-27#21:59:23,14.7,67.0
2025-10-27#21:59:38,14.7,67.0
2025-10-27#21:59:54,14.7,67.0
2025-10-27#22:00:09,14.7,67.0
2025-10-27#22:00:24,14.7,67.0
2025-10-27#22:00:39,14.7,67.0
2025-10-27#22:00:55,14.7,67.0
2025-10-27#22:01:10,14.7,67.0
2025-10-27#22:01:25,14.7,67.0
2025-10-27#22:01:40,14.7,67.0
2025-10-27#22:01:56,14.7,67.0
2025-10-27#22:02:11,14.7,67.0
2025-10-27#22:02:26,14.7,67.0
2025-10-27#22:02:41,14.7,67.0
2025-10-27#22:02:57,14.7,67.0
2025-10-27#22:03:12,14.7,67.0
2025-10-27#22:03:27,14.7,67.0
2025-10-27#22:03:42,14.7,67.0
2025-10-27#22:03:58,14.7,67.0
2025-10-27#22:04:13,14.7,67.0
2025-10-27#22:04:28,14.7,67.0
2025-10-27#22:04:43,14.7,67.0
2025-10-27#22:04:59,14.7,67.0
2025-10-27#22:05:14,14.7,67.0
2025-10-27#22:05:29,14.7,67.0
2025-10-27#22:05:44,14.7,67.0
2025-10-27#22:06:00,14.7,66.0
2025-10-27#22:06:15,14.7,66.0
2025-10-27#22:06:30,14.7,66.0
2025-10-27#22:06:45,14.7,66.0
2025-10-27#22:07:01,14.7,66.0
2025-10-27#22:07:16,14.7,66.0
2025-10-27#22:07:31,14.7,66.0
2025-10-27#22:07:47,14.7,66.0
2025-10-27#22:08:02,14.7,66.0
2025-10-27#22:08:17,14.7,66.0
2025-10-27#22:08:32,14.7,66.0
2025-10-27#22:08:48,14.7,66.0
2025-10-27#22:09:03,14.7,66.0
2025-10-27#22:09:18,14.7,66.0
2025-10-27#22:09:49,14.7,66.0
2025-10-27#22:10:04,14.7,66.0
2025-10-27#22:10:19,14.7,66.0
2025-10-27#22:10:34,14.7,66.0
2025-10-27#22:10:50,14.7,66.0
2025-10-27#22:11:05,14.7,66.0
2025-10-27#22:11:20,14.7,66.0
2025-10-27#22:11:35,14.7,66.0
2025-10-27#22:11:51,14.7,66.0
2025-10-27#22:12:06,14.7,66.0
2025-10-27#22:12:21,14.7,66.0
2025-10-27#22:12:36,14.7,66.0
2025-10-27#22:12:52,14.7,66.0
2025-10-27#22:13:07,14.7,66.0
2025-10-27#22:13:22,14.7,66.0
2025-10-27#22:13:37,14.7,66.0
2025-10-27#22:13:53,14.7,66.0
2025-10-27#22:14:08,14.7,66.0
2025-10-27#22:14:23,14.7,66.0
2025-10-27#22:14:38,14.7,66.0
2025-10-27#22:14:54,14.7,66.0
2025-10-27#22:15:09,14.7,66.0
2025-10-27#22:15:24,14.7,66.0
2025-10-27#22:15:39,14.7,66.0
2025-10-27#22:15:55,14.7,66.0
2025-10-27#22:16:10,14.7,66.0
2025-10-27#22:16:25,14.7,66.0
2025-10-27#22:16:40,14.7,66.0
2025-10-27#22:16:56,14.7,66.0
2025-10-27#22:17:11,14.7,66.0
2025-10-27#22:17:26,14.7,66.0
2025-10-27#22:17:41,14.7,66.0
2025-10-27#22:17:57,14.6,66.0
2025-10-27#22:18:12,14.6,66.0
2025-10-27#22:18:27,14.6,66.0
2025-10-27#22:18:42,14.6,66.0
2025-10-27#22:18:58,14.6,66.0
2025-10-27#22:19:13,14.6,66.0
2025-10-27#22:19:28,14.7,66.0
2025-10-27#22:19:43,14.7,66.0
2025-10-27#22:19:59,14.7,66.0
2025-10-27#22:20:14,14.7,66.0
2025-10-27#22:20:29,14.7,66.0
2025-10-27#22:20:44,14.7,66.0
2025-10-27#22:21:00,14.7,66.0
2025-10-27#22:21:15,14.7,66.0
2025-10-27#22:21:30,14.7,66.0
2025-10-27#22:21:45,14.7,66.0
2025-10-27#22:22:01,14.7,66.0
2025-10-27#22:22:16,14.7,66.0
2025-10-27#22:22:31,14.6,66.0
2025-10-27#22:22:46,14.6,66.0
2025-10-27#22:23:02,14.6,66.0
2025-10-27#22:23:17,14.6,66.0
2025-10-27#22:23:32,14.6,66.0
2025-10-27#22:23:47,14.6,66.0
2025-10-27#22:24:03,14.7,66.0
2025-10-27#22:24:18,14.7,66.0
2025-10-27#22:24:33,14.6,66.0
2025-10-27#22:24:48,14.6,66.0
2025-10-27#22:25:04,14.6,66.0
2025-10-27#22:25:19,14.7,66.0
2025-10-27#22:25:34,14.6,66.0
2025-10-27#22:25:49,14.6,66.0
2025-10-27#22:26:05,14.6,66.0
2025-10-27#22:26:20,14.6,66.0
2025-10-27#22:26:35,14.6,66.0
2025-10-27#22:26:50,14.6,66.0
2025-10-27#22:27:06,14.6,67.0
2025-10-27#22:27:21,14.6,67.0
2025-10-27#22:27:36,14.6,67.0
2025-10-27#22:27:51,14.6,67.0
2025-10-27#22:28:07,14.6,67.0
2025-10-27#22:28:22,14.6,67.0
2025-10-27#22:28:37,14.6,67.0
2025-10-27#22:28:52,14.6,67.0
2025-10-27#22:29:08,14.6,67.0
2025-10-27#22:29:23,14.6,67.0
2025-10-27#22:29:38,14.6,66.0
2025-10-27#22:29:53,14.6,66.0
2025-10-27#22:30:09,14.6,66.0
2025-10-27#22:30:24,14.6,66.0
2025-10-27#22:30:39,14.6,66.0
2025-10-27#22:30:54,14.6,66.0
2025-10-27#22:31:10,14.6,66.0
2025-10-27#22:31:25,14.6,66.0
2025-10-27#22:31:40,14.6,66.0
2025-10-27#22:31:55,14.6,66.0
2025-10-27#22:32:26,14.6,66.0
2025-10-27#22:32:41,14.6,66.0
2025-10-27#22:32:56,14.6,66.0
2025-10-27#22:33:12,14.6,66.0
2025-10-27#22:33:27,14.6,66.0
2025-10-27#22:33:42,14.6,66.0
2025-10-27#22:33:57,14.6,66.0
2025-10-27#22:34:13,14.6,66.0
2025-10-27#22:34:28,14.6,66.0
2025-10-27#22:34:43,14.6,66.0
2025-10-27#22:34:58,14.6,66.0
2025-10-27#22:35:14,14.6,66.0
2025-10-27#22:35:29,14.6,66.0
2025-10-27#22:35:44,14.6,66.0
2025-10-27#22:35:59,14.6,66.0
2025-10-27#22:36:15,14.6,66.0
2025-10-27#22:36:30,14.6,66.0
2025-10-27#22:36:45,14.6,66.0
2025-10-27#22:37:01,14.6,66.0
2025-10-27#22:37:16,14.6,66.0
2025-10-27#22:37:31,14.6,66.0
2025-10-27#22:37:46,14.6,66.0
2025-10-27#22:38:02,14.6,66.0
2025-10-27#22:38:17,14.6,66.0
2025-10-27#22:38:32,14.6,66.0
2025-10-27#22:38:47,14.6,66.0
2025-10-27#22:39:03,14.6,66.0
2025-10-27#22:39:18,14.6,66.0
2025-10-27#22:39:33,14.6,66.0
2025-10-27#22:39:48,14.6,66.0
2025-10-27#22:40:04,14.6,66.0
2025-10-27#22:40:19,14.6,66.0
2025-10-27#22:40:34,14.6,66.0
2025-10-27#22:40:49,14.6,66.0
2025-10-27#22:41:05,14.6,66.0
2025-10-27#22:41:20,14.6,66.0
2025-10-27#22:41:35,14.6,66.0
2025-10-27#22:41:50,14.6,66.0
2025-10-27#22:42:06,14.6,66.0
2025-10-27#22:42:21,14.6,66.0
2025-10-27#22:42:36,14.6,66.0
2025-10-27#22:42:51,14.6,66.0
2025-10-27#22:43:07,14.6,66.0
2025-10-27#22:43:22,14.6,66.0
2025-10-27#22:43:37,14.6,66.0
2025-10-27#22:43:52,14.6,66.0
2025-10-27#22:44:08,14.6,66.0
2025-10-27#22:44:23,14.6,66.0
2025-10-27#22:44:38,14.6,66.0
2025-10-27#22:44:53,14.6,66.0
2025-10-27#22:45:09,14.6,66.0
2025-10-27#22:45:24,14.6,66.0
2025-10-27#22:45:39,14.6,66.0
2025-10-27#22:45:54,14.6,66.0
2025-10-27#22:46:10,14.6,66.0
2025-10-27#22:46:25,14.6,66.0
2025-10-27#22:46:40,14.6,66.0
2025-10-27#22:46:55,14.6,66.0
2025-10-27#22:47:11,14.6,66.0
2025-10-27#22:47:26,14.6,66.0
2025-10-27#22:47:41,14.6,66.0
2025-10-27#22:47:56,14.6,66.0
2025-10-27#22:48:12,14.6,66.0
2025-10-27#22:48:27,14.6,66.0
2025-10-27#22:48:42,14.6,66.0
2025-10-27#22:48:57,14.6,66.0
2025-10-27#22:49:13,14.6,66.0
2025-10-27#22:49:28,14.6,66.0
2025-10-27#22:49:43,14.6,66.0
2025-10-27#22:49:58,14.6,66.0
2025-10-27#22:50:14,14.6,66.0
2025-10-27#22:50:29,14.6,66.0
2025-10-27#22:50:44,14.6,66.0
2025-10-27#22:50:59,14.6,66.0
2025-10-27#22:51:15,14.6,66.0
2025-10-27#22:51:30,14.6,66.0
2025-10-27#22:51:45,14.6,66.0
2025-10-27#22:52:00,14.6,65.0
2025-10-27#22:52:16,14.6,65.0
2025-10-27#22:52:31,14.6,65.0
2025-10-27#22:52:46,14.6,65.0
2025-10-27#22:53:01,14.6,65.0
2025-10-27#22:53:17,14.6,65.0
2025-10-27#22:53:32,14.6,65.0
2025-10-27#22:53:47,14.6,65.0
2025-10-27#22:54:02,14.6,65.0
2025-10-27#22:54:18,14.6,65.0
2025-10-27#22:54:33,14.6,65.0
2025-10-27#22:54:48,14.6,65.0
2025-10-27#22:55:03,14.6,65.0
2025-10-27#22:55:19,14.6,65.0
2025-10-27#22:55:34,14.6,65.0
2025-10-27#22:55:49,14.6,65.0
2025-10-27#22:56:20,14.6,65.0
2025-10-27#22:56:35,14.6,65.0
2025-10-27#22:56:50,14.6,65.0
2025-10-27#22:57:05,14.6,65.0
2025-10-27#22:57:21,14.6,65.0
2025-10-27#22:57:36,14.6,65.0
2025-10-27#22:57:51,14.6,65.0
2025-10-27#22:58:06,14.6,65.0
2025-10-27#22:58:22,14.6,65.0
2025-10-27#22:58:37,14.6,65.0
2025-10-27#22:58:52,14.6,65.0
2025-10-27#22:59:08,14.6,65.0
2025-10-27#22:59:23,14.6,65.0
2025-10-27#22:59:38,14.6,65.0
2025-10-27#22:59:53,14.6,65.0
2025-10-27#23:00:09,14.6,65.0
2025-10-27#23:00:24,14.6,65.0
2025-10-27#23:00:39,14.6,65.0
2025-10-27#23:01:10,14.6,65.0
2025-10-27#23:01:25,14.6,65.0
2025-10-27#23:01:40,14.6,65.0
2025-10-27#23:01:55,14.6,65.0
2025-10-27#23:02:11,14.6,65.0
2025-10-27#23:02:26,14.6,65.0
2025-10-27#23:02:41,14.6,65.0
2025-10-27#23:02:56,14.6,65.0
2025-10-27#23:03:12,14.6,65.0
2025-10-27#23:03:27,14.6,65.0
2025-10-27#23:03:42,14.6,65.0
2025-10-27#23:03:57,14.6,65.0
2025-10-27#23:04:13,14.6,65.0
2025-10-27#23:04:28,14.6,65.0
2025-10-27#23:04:43,14.6,65.0
2025-10-27#23:04:58,14.6,65.0
2025-10-27#23:05:14,14.6,65.0
2025-10-27#23:05:29,14.6,65.0
2025-10-27#23:05:44,14.6,65.0
2025-10-27#23:05:59,14.6,65.0
2025-10-27#23:06:15,14.6,65.0
2025-10-27#23:06:30,14.6,65.0
2025-10-27#23:06:45,14.6,65.0
2025-10-27#23:07:00,14.6,65.0
2025-10-27#23:07:16,14.6,65.0
2025-10-27#23:07:31,14.6,65.0
2025-10-27#23:07:46,14.6,65.0
2025-10-27#23:08:01,14.6,65.0
2025-10-27#23:08:17,14.6,65.0
2025-10-27#23:08:32,14.6,65.0
2025-10-27#23:08:47,14.6,65.0
2025-10-27#23:09:02,14.6,65.0
2025-10-27#23:09:18,14.6,65.0
2025-10-27#23:09:33,14.6,65.0
2025-10-27#23:09:48,14.6,65.0
2025-10-27#23:10:03,14.6,65.0
2025-10-27#23:10:19,14.6,65.0
2025-10-27#23:10:34,14.6,65.0
2025-10-27#23:10:49,14.6,65.0
2025-10-27#23:11:04,14.6,65.0
2025-10-27#23:11:20,14.6,65.0
2025-10-27#23:11:35,14.6,65.0
2025-10-27#23:11:50,14.6,65.0
2025-10-27#23:12:05,14.6,65.0
2025-10-27#23:12:21,14.6,65.0
2025-10-27#23:12:36,14.6,65.0
2025-10-27#23:12:51,14.6,65.0
2025-10-27#23:13:06,14.6,65.0
2025-10-27#23:13:22,14.6,65.0
2025-10-27#23:13:37,14.6,65.0
2025-10-27#23:13:52,14.5,65.0
2025-10-27#23:14:07,14.5,65.0
2025-10-27#23:14:23,14.5,65.0
2025-10-27#23:14:38,14.5,65.0
2025-10-27#23:14:53,14.5,65.0
2025-10-27#23:15:08,14.5,65.0
2025-10-27#23:15:24,14.6,65.0
2025-10-27#23:15:39,14.5,65.0
2025-10-27#23:15:54,14.5,65.0
2025-10-27#23:16:09,14.5,65.0
2025-10-27#23:16:25,14.5,65.0
2025-10-27#23:16:40,14.5,65.0
2025-10-27#23:16:55,14.5,65.0
2025-10-27#23:17:10,14.5,65.0
2025-10-27#23:17:26,14.5,65.0
2025-10-27#23:17:41,14.5,65.0
2025-10-27#23:17:56,14.5,65.0
2025-10-27#23:18:11,14.5,65.0
2025-10-27#23:18:27,14.5,65.0
2025-10-27#23:18:42,14.6,65.0
2025-10-27#23:18:57,14.6,65.0
2025-10-27#23:19:12,14.6,65.0
2025-10-27#23:19:28,14.6,65.0
2025-10-27#23:19:43,14.6,65.0
2025-10-27#23:19:58,14.6,65.0
2025-10-27#23:20:14,14.6,65.0
2025-10-27#23:20:29,14.6,65.0
2025-10-27#23:20:44,14.6,65.0
2025-10-27#23:20:59,14.5,65.0
2025-10-27#23:21:15,14.5,65.0
2025-10-27#23:21:30,14.5,65.0
2025-10-27#23:21:45,14.5,65.0
2025-10-27#23:22:00,14.5,65.0
2025-10-27#23:22:16,14.5,65.0
2025-10-27#23:22:31,14.5,65.0
2025-10-27#23:23:01,14.5,65.0
2025-10-27#23:23:17,14.6,65.0
2025-10-27#23:23:32,14.6,65.0
2025-10-27#23:23:47,14.6,65.0
2025-10-27#23:24:02,14.6,65.0
2025-10-27#23:24:18,14.6,65.0
2025-10-27#23:24:33,14.5,65.0
2025-10-27#23:24:48,14.5,65.0
2025-10-27#23:25:03,14.5,65.0
2025-10-27#23:25:34,14.5,65.0
2025-10-27#23:25:49,14.5,65.0
2025-10-27#23:26:04,14.5,65.0
2025-10-27#23:26:20,14.5,65.0
2025-10-27#23:26:35,14.5,65.0
2025-10-27#23:26:50,14.5,65.0
2025-10-27#23:27:05,14.5,65.0
2025-10-27#23:27:21,14.5,65.0
2025-10-27#23:27:36,14.5,65.0
2025-10-27#23:27:51,14.5,65.0
2025-10-27#23:28:06,14.5,65.0
2025-10-27#23:28:22,14.5,65.0
2025-10-27#23:28:37,14.5,65.0
2025-10-27#23:28:52,14.5,65.0
2025-10-27#23:29:07,14.5,65.0
2025-10-27#23:29:23,14.5,65.0
2025-10-27#23:29:38,14.5,65.0
2025-10-27#23:29:53,14.5,65.0
2025-10-27#23:30:08,14.5,65.0
2025-10-27#23:30:24,14.5,65.0
2025-10-27#23:30:39,14.5,65.0
2025-10-27#23:30:54,14.5,65.0
2025-10-27#23:31:09,14.5,65.0
2025-10-27#23:31:25,14.5,65.0
2025-10-27#23:31:40,14.5,65.0
2025-10-27#23:31:55,14.5,65.0
2025-10-27#23:32:10,14.5,65.0
2025-10-27#23:32:26,14.5,65.0
2025-10-27#23:32:41,14.5,65.0
2025-10-27#23:32:56,14.5,65.0
2025-10-27#23:33:11,14.5,65.0
2025-10-27#23:33:27,14.5,65.0
2025-10-27#23:33:42,14.5,65.0
2025-10-27#23:33:57,14.5,65.0
2025-10-27#23:34:12,14.5,65.0
2025-10-27#23:34:28,14.5,65.0
2025-10-27#23:34:43,14.5,65.0
2025-10-27#23:34:58,14.5,65.0
2025-10-27#23:35:13,14.5,65.0
2025-10-27#23:35:29,14.5,65.0
2025-10-27#23:35:44,14.5,65.0
2025-10-27#23:35:59,14.5,65.0
2025-10-27#23:36:14,14.5,65.0
2025-10-27#23:36:30,14.5,65.0
2025-10-27#23:36:45,14.5,65.0
2025-10-27#23:37:00,14.5,65.0
2025-10-27#23:37:15,14.5,65.0
2025-10-27#23:37:31,14.5,65.0
2025-10-27#23:37:46,14.5,65.0
2025-10-27#23:38:01,14.5,65.0
2025-10-27#23:38:16,14.5,65.0
2025-10-27#23:38:32,14.5,65.0
2025-10-27#23:38:47,14.5,65.0
2025-10-27#23:39:02,14.5,65.0
2025-10-27#23:39:17,14.5,65.0
2025-10-27#23:39:33,14.5,65.0
2025-10-27#23:39:48,14.5,65.0
2025-10-27#23:40:03,14.5,65.0
2025-10-27#23:40:18,14.5,65.0
2025-10-27#23:40:34,14.5,65.0
2025-10-27#23:40:49,14.5,65.0
2025-10-27#23:41:04,14.5,65.0
2025-10-27#23:41:19,14.5,65.0
2025-10-27#23:41:35,14.5,65.0
2025-10-27#23:41:50,14.5,65.0
2025-10-27#23:42:05,14.5,65.0
2025-10-27#23:42:20,14.5,65.0
2025-10-27#23:42:36,14.5,65.0
2025-10-27#23:42:51,14.5,65.0
2025-10-27#23:43:06,14.5,65.0
2025-10-27#23:43:21,14.5,65.0
2025-10-27#23:43:37,14.5,65.0
2025-10-27#23:43:52,14.5,65.0
2025-10-27#23:44:07,14.5,65.0
2025-10-27#23:44:22,14.5,65.0
2025-10-27#23:44:38,14.5,65.0
2025-10-27#23:44:53,14.5,65.0
2025-10-27#23:45:08,14.5,65.0
2025-10-27#23:45:23,14.5,65.0
2025-10-27#23:45:39,14.5,65.0
2025-10-27#23:45:54,14.5,65.0
2025-10-27#23:46:09,14.5,65.0
2025-10-27#23:46:24,14.5,65.0
2025-10-27#23:46:40,14.5,65.0
2025-10-27#23:46:55,14.5,65.0
2025-10-27#23:47:10,14.5,65.0
2025-10-27#23:47:25,14.5,65.0
2025-10-27#23:47:41,14.5,65.0
2025-10-27#23:47:56,14.5,65.0
2025-10-27#23:48:11,14.5,65.0
2025-10-27#23:48:42,14.5,65.0
2025-10-27#23:48:57,14.5,65.0
2025-10-27#23:49:12,14.5,65.0
2025-10-27#23:49:28,14.5,65.0
2025-10-27#23:49:43,14.5,65.0
2025-10-27#23:49:58,14.5,65.0
2025-10-27#23:50:13,14.5,65.0
2025-10-27#23:50:29,14.5,65.0
2025-10-27#23:50:44,14.5,65.0
2025-10-27#23:50:59,14.5,65.0
2025-10-27#23:51:14,14.5,65.0
2025-10-27#23:51:30,14.5,65.0
2025-10-27#23:51:45,14.5,65.0
2025-10-27#23:52:00,14.5,65.0
2025-10-27#23:52:15,14.5,65.0
2025-10-27#23:52:31,14.5,65.0
2025-10-27#23:52:46,14.5,65.0
2025-10-27#23:53:01,14.5,65.0
2025-10-27#23:53:16,14.5,65.0
2025-10-27#23:53:32,14.5,65.0
2025-10-27#23:53:47,14.5,65.0
2025-10-27#23:54:02,14.5,65.0
2025-10-27#23:54:17,14.5,66.0
2025-10-27#23:54:33,14.5,66.0
2025-10-27#23:54:48,14.5,66.0
2025-10-27#23:55:03,14.5,66.0
2025-10-27#23:55:18,14.5,66.0
2025-10-27#23:55:34,14.5,66.0
2025-10-27#23:55:49,14.5,66.0
2025-10-27#23:56:04,14.5,66.0
2025-10-27#23:56:19,14.5,65.0
2025-10-27#23:56:35,14.5,65.0
2025-10-27#23:56:50,14.5,65.0
2025-10-27#23:57:05,14.5,65.0
2025-10-27#23:57:20,14.5,65.0
2025-10-27#23:57:36,14.5,65.0
2025-10-27#23:57:51,14.5,65.0
2025-10-27#23:58:06,14.5,65.0
2025-10-27#23:58:21,14.5,65.0
2025-10-27#23:58:37,14.5,65.0
2025-10-27#23:58:52,14.5,65.0
2025-10-27#23:59:07,14.5,65.0
2025-10-27#23:59:22,14.5,65.0
2025-10-27#23:59:38,14.5,65.0
2025-10-27#23:59:53,14.5,65.0
2025-10-28#00:00:08,14.5,65.0
2025-10-28#00:00:23,14.5,65.0
2025-10-28#00:00:39,14.5,65.0
2025-10-28#00:00:54,14.5,65.0
2025-10-28#00:01:09,14.5,65.0
2025-10-28#00:01:24,14.5,65.0
2025-10-28#00:01:40,14.5,65.0
2025-10-28#00:01:55,14.5,65.0
2025-10-28#00:02:10,14.5,65.0
2025-10-28#00:02:25,14.5,65.0
2025-10-28#00:02:41,14.5,66.0
2025-10-28#00:02:56,14.5,66.0
2025-10-28#00:03:11,14.5,66.0
2025-10-28#00:03:26,14.5,66.0
2025-10-28#00:03:42,14.5,66.0
2025-10-28#00:03:57,14.5,66.0
2025-10-28#00:04:12,14.5,66.0
2025-10-28#00:04:27,14.5,66.0
2025-10-28#00:04:43,14.5,66.0
2025-10-28#00:04:58,14.5,66.0
2025-10-28#00:05:13,14.5,66.0
2025-10-28#00:05:28,14.5,66.0
2025-10-28#00:05:44,14.5,66.0
2025-10-28#00:05:59,14.5,66.0
2025-10-28#00:06:14,14.5,66.0
2025-10-28#00:06:30,14.5,66.0
2025-10-28#00:06:45,14.5,66.0
2025-10-28#00:07:00,14.5,66.0
2025-10-28#00:07:15,14.5,66.0
2025-10-28#00:07:31,14.5,66.0
2025-10-28#00:07:46,14.5,66.0
2025-10-28#00:08:01,14.5,66.0
2025-10-28#00:08:16,14.5,66.0
2025-10-28#00:08:32,14.5,66.0
2025-10-28#00:08:47,14.5,66.0
2025-10-28#00:09:02,14.5,66.0
2025-10-28#00:09:17,14.5,66.0
2025-10-28#00:09:33,14.5,66.0
2025-10-28#00:09:48,14.5,66.0
2025-10-28#00:10:18,14.5,66.0
2025-10-28#00:10:34,14.5,66.0
2025-10-28#00:10:49,14.5,66.0
2025-10-28#00:11:04,14.5,66.0
2025-10-28#00:11:19,14.5,66.0
2025-10-28#00:11:35,14.5,66.0
2025-10-28#00:11:50,14.5,66.0
2025-10-28#00:12:05,14.5,66.0
2025-10-28#00:12:20,14.5,66.0
2025-10-28#00:12:36,14.5,66.0
2025-10-28#00:12:51,14.5,66.0
2025-10-28#00:13:06,14.5,66.0
2025-10-28#00:13:21,14.5,66.0
2025-10-28#00:13:37,14.5,66.0
2025-10-28#00:13:52,14.5,66.0
2025-10-28#00:14:07,14.5,66.0
2025-10-28#00:14:22,14.5,66.0
2025-10-28#00:14:38,14.5,66.0
2025-10-28#00:14:53,14.5,66.0
2025-10-28#00:15:08,14.5,66.0
2025-10-28#00:15:23,14.5,66.0
2025-10-28#00:15:39,14.5,66.0
2025-10-28#00:15:54,14.5,66.0
2025-10-28#00:16:09,14.5,66.0
2025-10-28#00:16:24,14.5,66.0
2025-10-28#00:16:40,14.5,66.0
2025-10-28#00:16:55,14.5,66.0
2025-10-28#00:17:10,14.5,66.0
2025-10-28#00:17:25,14.4,66.0
2025-10-28#00:17:41,14.4,66.0
2025-10-28#00:17:56,14.4,66.0
2025-10-28#00:18:11,14.4,66.0
2025-10-28#00:18:26,14.4,66.0
2025-10-28#00:18:42,14.4,66.0
2025-10-28#00:18:57,14.4,66.0
2025-10-28#00:19:12,14.4,66.0
2025-10-28#00:19:27,14.4,66.0
2025-10-28#00:19:43,14.4,66.0
2025-10-28#00:19:58,14.4,66.0
2025-10-28#00:20:13,14.4,66.0
2025-10-28#00:20:28,14.4,66.0
2025-10-28#00:20:44,14.5,66.0
2025-10-28#00:20:59,14.5,66.0
2025-10-28#00:21:14,14.5,66.0
2025-10-28#00:21:29,14.5,66.0
2025-10-28#00:21:45,14.5,66.0
2025-10-28#00:22:00,14.4,66.0
2025-10-28#00:22:15,14.4,66.0
2025-10-28#00:22:30,14.4,66.0
2025-10-28#00:22:46,14.4,66.0
2025-10-28#00:23:01,14.4,65.0
2025-10-28#00:23:16,14.4,65.0
2025-10-28#00:23:32,14.4,65.0
2025-10-28#00:23:47,14.4,65.0
2025-10-28#00:24:02,14.4,65.0
2025-10-28#00:24:17,14.4,65.0
2025-10-28#00:24:33,14.4,65.0
2025-10-28#00:24:48,14.4,65.0
2025-10-28#00:25:03,14.4,65.0
2025-10-28#00:25:18,14.4,65.0
2025-10-28#00:25:34,14.4,65.0
2025-10-28#00:25:49,14.4,65.0
2025-10-28#00:26:04,14.4,65.0
2025-10-28#00:26:19,14.5,65.0
2025-10-28#00:26:35,14.5,65.0
2025-10-28#00:26:50,14.4,65.0
2025-10-28#00:27:05,14.4,65.0
2025-10-28#00:27:20,14.4,65.0
2025-10-28#00:27:36,14.4,65.0
2025-10-28#00:27:51,14.4,65.0
2025-10-28#00:28:06,14.4,65.0
2025-10-28#00:28:21,14.4,65.0
2025-10-28#00:28:37,14.4,65.0
2025-10-28#00:28:52,14.4,65.0
2025-10-28#00:29:07,14.4,65.0
2025-10-28#00:29:22,14.4,65.0
2025-10-28#00:29:38,14.4,65.0
2025-10-28#00:29:53,14.4,65.0
2025-10-28#00:30:08,14.4,65.0
2025-10-28#00:30:23,14.4,65.0
2025-10-28#00:30:39,14.4,65.0
2025-10-28#00:30:54,14.4,65.0
2025-10-28#00:31:09,14.4,65.0
2025-10-28#00:31:24,14.4,65.0
2025-10-28#00:31:40,14.4,65.0
2025-10-28#00:31:55,14.4,65.0
2025-10-28#00:32:10,14.4,65.0
2025-10-28#00:32:25,14.4,65.0
2025-10-28#00:32:41,14.4,65.0
2025-10-28#00:32:56,14.4,65.0
2025-10-28#00:33:11,14.4,65.0
2025-10-28#00:33:26,14.4,65.0
2025-10-28#00:33:42,14.4,65.0
2025-10-28#00:33:57,14.4,65.0
2025-10-28#00:34:12,14.4,65.0
2025-10-28#00:34:27,14.4,65.0
2025-10-28#00:34:43,14.4,65.0
2025-10-28#00:34:58,14.4,65.0
2025-10-28#00:35:13,14.4,65.0
2025-10-28#00:35:28,14.4,65.0
2025-10-28#00:35:44,14.4,65.0
2025-10-28#00:35:59,14.4,65.0
2025-10-28#00:36:14,14.4,65.0
2025-10-28#00:36:29,14.4,65.0
2025-10-28#00:36:45,14.4,65.0
2025-10-28#00:37:00,14.4,65.0
2025-10-28#00:37:15,14.4,65.0
2025-10-28#00:37:30,14.4,65.0
2025-10-28#00:37:46,14.4,65.0
2025-10-28#00:38:01,14.4,65.0
2025-10-28#00:38:16,14.4,65.0
2025-10-28#00:38:31,14.4,65.0
2025-10-28#00:38:47,14.4,65.0
2025-10-28#00:39:02,14.4,65.0
2025-10-28#00:39:17,14.4,65.0
2025-10-28#00:39:33,14.4,65.0
2025-10-28#00:39:48,14.4,65.0
2025-10-28#00:40:03,14.4,65.0
2025-10-28#00:40:18,14.4,65.0
2025-10-28#00:40:34,14.4,65.0
2025-10-28#00:40:49,14.4,65.0
2025-10-28#00:41:04,14.4,65.0
2025-10-28#00:41:19,14.4,65.0
2025-10-28#00:41:35,14.4,65.0
2025-10-28#00:41:50,14.4,65.0
2025-10-28#00:42:05,14.4,65.0
2025-10-28#00:42:20,14.4,65.0
2025-10-28#00:42:36,14.4,65.0
2025-10-28#00:42:51,14.4,65.0
2025-10-28#00:43:06,14.4,65.0
2025-10-28#00:43:21,14.4,65.0
2025-10-28#00:43:37,14.4,65.0
2025-10-28#00:43:52,14.4,65.0
2025-10-28#00:44:07,14.4,65.0
2025-10-28#00:44:22,14.4,65.0
2025-10-28#00:44:38,14.4,65.0
2025-10-28#00:44:53,14.4,65.0
2025-10-28#00:45:08,14.4,65.0
2025-10-28#00:45:23,14.4,65.0
2025-10-28#00:45:39,14.4,65.0
2025-10-28#00:45:54,14.4,65.0
2025-10-28#00:46:09,14.4,65.0
2025-10-28#00:46:24,14.4,65.0
2025-10-28#00:46:40,14.4,65.0
2025-10-28#00:46:55,14.4,65.0
2025-10-28#00:47:10,14.4,65.0
2025-10-28#00:47:25,14.4,65.0
2025-10-28#00:47:41,14.4,65.0
2025-10-28#00:47:56,14.4,65.0
2025-10-28#00:48:11,14.4,65.0
2025-10-28#00:48:26,14.4,65.0
2025-10-28#00:48:42,14.4,65.0
2025-10-28#00:48:57,14.4,65.0
2025-10-28#00:49:12,14.4,65.0
2025-10-28#00:49:27,14.4,65.0
2025-10-28#00:49:43,14.4,65.0
2025-10-28#00:49:58,14.4,65.0
2025-10-28#00:50:13,14.4,65.0
2025-10-28#00:50:28,14.4,65.0
2025-10-28#00:50:44,14.4,65.0
2025-10-28#00:50:59,14.4,65.0
2025-10-28#00:51:14,14.4,65.0
2025-10-28#00:51:29,14.4,65.0
2025-10-28#00:51:45,14.4,65.0
2025-10-28#00:52:00,14.4,65.0
2025-10-28#00:52:15,14.4,65.0
2025-10-28#00:52:30,14.4,65.0
2025-10-28#00:52:46,14.4,65.0
2025-10-28#00:53:01,14.4,65.0
2025-10-28#00:53:16,14.4,65.0
2025-10-28#00:53:31,14.4,65.0
2025-10-28#00:53:47,14.4,65.0
2025-10-28#00:54:02,14.4,65.0
2025-10-28#00:54:17,14.4,65.0
2025-10-28#00:54:32,14.4,65.0
2025-10-28#00:54:48,14.4,65.0
2025-10-28#00:55:03,14.4,65.0
2025-10-28#00:55:18,14.4,65.0
2025-10-28#00:55:34,14.4,65.0
2025-10-28#00:55:49,14.4,65.0
2025-10-28#00:56:04,14.4,65.0
2025-10-28#00:56:19,14.4,65.0
2025-10-28#00:56:35,14.4,65.0
2025-10-28#00:56:50,14.4,65.0
2025-10-28#00:57:05,14.4,65.0
2025-10-28#00:57:20,14.4,65.0
2025-10-28#00:57:36,14.4,65.0
2025-10-28#00:57:51,14.4,65.0
2025-10-28#00:58:21,14.4,65.0
2025-10-28#00:58:37,14.4,65.0
2025-10-28#00:58:52,14.4,65.0
2025-10-28#00:59:07,14.4,65.0
2025-10-28#00:59:22,14.4,65.0
2025-10-28#00:59:38,14.4,65.0
2025-10-28#00:59:53,14.4,65.0
2025-10-28#01:00:08,14.4,65.0
2025-10-28#01:00:23,14.4,65.0
2025-10-28#01:00:39,14.4,65.0
2025-10-28#01:00:54,14.4,65.0
2025-10-28#01:01:09,14.4,65.0
2025-10-28#01:01:24,14.4,65.0
2025-10-28#01:01:40,14.4,65.0
2025-10-28#01:01:55,14.4,65.0
2025-10-28#01:02:10,14.4,65.0
2025-10-28#01:02:25,14.4,65.0
2025-10-28#01:02:41,14.4,65.0
2025-10-28#01:02:56,14.4,65.0
2025-10-28#01:03:11,14.4,65.0
2025-10-28#01:03:26,14.4,65.0
2025-10-28#01:03:42,14.4,65.0
2025-10-28#01:03:57,14.4,65.0
2025-10-28#01:04:12,14.4,65.0
2025-10-28#01:04:27,14.4,65.0
2025-10-28#01:04:43,14.4,65.0
2025-10-28#01:04:58,14.4,65.0
2025-10-28#01:05:13,14.4,65.0
2025-10-28#01:05:28,14.4,65.0
2025-10-28#01:05:44,14.4,65.0
2025-10-28#01:05:59,14.4,65.0
2025-10-28#01:06:14,14.4,65.0
2025-10-28#01:06:29,14.4,65.0
2025-10-28#01:06:45,14.4,65.0
2025-10-28#01:07:00,14.4,65.0
2025-10-28#01:07:15,14.4,65.0
2025-10-28#01:07:30,14.4,65.0
2025-10-28#01:07:46,14.4,65.0
2025-10-28#01:08:01,14.4,65.0
2025-10-28#01:08:16,14.4,65.0
2025-10-28#01:08:31,14.4,65.0
2025-10-28#01:08:47,14.4,65.0
2025-10-28#01:09:02,14.4,65.0
2025-10-28#01:09:17,14.4,65.0
2025-10-28#01:09:32,14.4,65.0
2025-10-28#01:09:48,14.4,65.0
2025-10-28#01:10:03,14.4,65.0
2025-10-28#01:10:18,14.4,65.0
2025-10-28#01:10:33,14.4,65.0
2025-10-28#01:10:49,14.4,65.0
2025-10-28#01:11:04,14.4,65.0
2025-10-28#01:11:19,14.4,65.0
2025-10-28#01:11:34,14.4,65.0
2025-10-28#01:11:50,14.4,65.0
2025-10-28#01:12:05,14.4,65.0
2025-10-28#01:12:20,14.4,65.0
2025-10-28#01:12:35,14.4,65.0
2025-10-28#01:12:51,14.4,65.0
2025-10-28#01:13:06,14.4,65.0
2025-10-28#01:13:21,14.4,65.0
2025-10-28#01:13:36,14.4,65.0
2025-10-28#01:13:52,14.4,65.0
2025-10-28#01:14:07,14.4,65.0
2025-10-28#01:14:22,14.4,65.0
2025-10-28#01:14:37,14.4,65.0
2025-10-28#01:14:53,14.4,65.0
2025-10-28#01:15:08,14.4,65.0
2025-10-28#01:15:23,14.4,65.0
2025-10-28#01:15:38,14.4,65.0
2025-10-28#01:15:54,14.4,65.0
2025-10-28#01:16:09,14.4,65.0
2025-10-28#01:16:24,14.4,65.0
2025-10-28#01:16:39,14.4,65.0
2025-10-28#01:16:55,14.4,65.0
2025-10-28#01:17:10,14.4,65.0
2025-10-28#01:17:25,14.4,65.0
2025-10-28#01:17:40,14.4,65.0
2025-10-28#01:17:56,14.4,65.0
2025-10-28#01:18:11,14.4,65.0
2025-10-28#01:18:26,14.4,65.0
2025-10-28#01:18:41,14.4,65.0
2025-10-28#01:18:57,14.4,65.0
2025-10-28#01:19:27,14.4,65.0
2025-10-28#01:19:42,14.4,65.0
2025-10-28#01:19:58,14.4,65.0
2025-10-28#01:20:13,14.4,65.0
2025-10-28#01:20:28,14.4,65.0
2025-10-28#01:20:43,14.4,65.0
2025-10-28#01:20:59,14.4,65.0
2025-10-28#01:21:14,14.4,65.0
2025-10-28#01:21:29,14.4,65.0
2025-10-28#01:21:44,14.4,65.0
2025-10-28#01:22:00,14.4,65.0
2025-10-28#01:22:15,14.4,65.0
2025-10-28#01:22:30,14.4,65.0
2025-10-28#01:22:45,14.4,65.0
2025-10-28#01:23:01,14.4,65.0
2025-10-28#01:23:16,14.4,65.0
2025-10-28#01:23:31,14.4,65.0
2025-10-28#01:23:46,14.4,65.0
2025-10-28#01:24:02,14.4,65.0
2025-10-28#01:24:17,14.4,65.0
2025-10-28#01:24:32,14.4,65.0
2025-10-28#01:24:47,14.4,65.0
2025-10-28#01:25:03,14.4,65.0
2025-10-28#01:25:18,14.4,65.0
2025-10-28#01:25:33,14.4,65.0
2025-10-28#01:26:04,14.4,65.0
2025-10-28#01:26:19,14.4,65.0
2025-10-28#01:26:34,14.4,65.0
2025-10-28#01:26:49,14.4,65.0
2025-10-28#01:27:05,14.4,65.0
2025-10-28#01:27:20,14.4,65.0
2025-10-28#01:27:35,14.4,65.0
2025-10-28#01:27:50,14.4,65.0
2025-10-28#01:28:06,14.4,65.0
2025-10-28#01:28:21,14.4,65.0
2025-10-28#01:28:36,14.3,65.0
2025-10-28#01:28:51,14.3,65.0
2025-10-28#01:29:07,14.3,65.0
2025-10-28#01:29:22,14.3,65.0
2025-10-28#01:29:37,14.3,65.0
2025-10-28#01:29:52,14.4,65.0
2025-10-28#01:30:08,14.4,65.0
2025-10-28#01:30:23,14.4,65.0
2025-10-28#01:30:38,14.4,65.0
2025-10-28#01:30:54,14.4,65.0
2025-10-28#01:31:09,14.4,65.0
2025-10-28#01:31:24,14.3,65.0
2025-10-28#01:31:39,14.3,65.0
2025-10-28#01:31:55,14.3,65.0
2025-10-28#01:32:10,14.4,65.0
2025-10-28#01:32:25,14.4,65.0
2025-10-28#01:32:40,14.3,65.0
2025-10-28#01:32:56,14.4,65.0
2025-10-28#01:33:11,14.3,65.0
2025-10-28#01:33:26,14.3,65.0
2025-10-28#01:33:41,14.3,65.0
2025-10-28#01:33:57,14.3,65.0
2025-10-28#01:34:12,14.3,65.0
2025-10-28#01:34:27,14.3,65.0
2025-10-28#01:34:42,14.3,65.0
2025-10-28#01:34:58,14.3,65.0
2025-10-28#01:35:13,14.3,65.0
2025-10-28#01:35:28,14.3,65.0
2025-10-28#01:35:43,14.3,65.0
2025-10-28#01:35:59,14.3,65.0
2025-10-28#01:36:14,14.3,65.0
2025-10-28#01:36:29,14.4,65.0
2025-10-28#01:36:44,14.4,65.0
2025-10-28#01:37:00,14.4,65.0
2025-10-28#01:37:15,14.4,65.0
2025-10-28#01:37:30,14.4,65.0
2025-10-28#01:37:45,14.3,65.0
2025-10-28#01:38:01,14.3,65.0
2025-10-28#01:38:16,14.3,65.0
2025-10-28#01:38:31,14.3,65.0
2025-10-28#01:38:46,14.3,65.0
2025-10-28#01:39:02,14.3,65.0
2025-10-28#01:39:17,14.3,65.0
2025-10-28#01:39:32,14.3,65.0
2025-10-28#01:39:47,14.3,65.0
2025-10-28#01:40:03,14.3,65.0
2025-10-28#01:40:18,14.3,65.0
2025-10-28#01:40:33,14.3,65.0
2025-10-28#01:40:48,14.3,65.0
2025-10-28#01:41:04,14.3,65.0
2025-10-28#01:41:19,14.3,65.0
2025-10-28#01:41:34,14.3,65.0
2025-10-28#01:41:49,14.3,65.0
2025-10-28#01:42:05,14.3,65.0
2025-10-28#01:42:20,14.3,65.0
2025-10-28#01:42:35,14.3,65.0
2025-10-28#01:42:50,14.3,65.0
2025-10-28#01:43:06,14.3,65.0
2025-10-28#01:43:21,14.3,65.0
2025-10-28#01:43:36,14.3,65.0
2025-10-28#01:43:51,14.3,65.0
2025-10-28#01:44:07,14.3,65.0
2025-10-28#01:44:22,14.3,65.0
2025-10-28#01:44:37,14.3,65.0
2025-10-28#01:44:52,14.3,65.0
2025-10-28#01:45:08,14.3,65.0
2025-10-28#01:45:23,14.3,65.0
2025-10-28#01:45:38,14.3,65.0
2025-10-28#01:45:53,14.3,65.0
2025-10-28#01:46:09,14.3,65.0
2025-10-28#01:46:24,14.3,65.0
2025-10-28#01:46:39,14.3,65.0
2025-10-28#01:46:54,14.4,65.0
2025-10-28#01:47:10,14.4,65.0
2025-10-28#01:47:25,14.3,65.0
2025-10-28#01:47:40,14.3,65.0
2025-10-28#01:47:55,14.3,65.0
2025-10-28#01:48:11,14.3,65.0
2025-10-28#01:48:26,14.3,65.0
2025-10-28#01:48:41,14.3,65.0
2025-10-28#01:48:56,14.3,65.0
2025-10-28#01:49:12,14.3,65.0
2025-10-28#01:49:27,14.3,65.0
2025-10-28#01:49:42,14.3,65.0
2025-10-28#01:49:58,14.3,65.0
2025-10-28#01:50:13,14.3,65.0
2025-10-28#01:50:28,14.3,65.0
2025-10-28#01:50:43,14.3,65.0
2025-10-28#01:50:59,14.3,65.0
2025-10-28#01:51:14,14.3,65.0
2025-10-28#01:51:29,14.3,65.0
2025-10-28#01:51:44,14.3,65.0
2025-10-28#01:52:00,14.3,65.0
2025-10-28#01:52:15,14.3,65.0
2025-10-28#01:52:30,14.3,65.0
2025-10-28#01:52:45,14.3,65.0
2025-10-28#01:53:01,14.3,65.0
2025-10-28#01:53:16,14.3,65.0
2025-10-28#01:53:31,14.3,65.0
2025-10-28#01:53:46,14.3,65.0
2025-10-28#01:54:02,14.3,65.0
2025-10-28#01:54:17,14.3,65.0
2025-10-28#01:54:32,14.3,65.0
2025-10-28#01:54:47,14.3,65.0
2025-10-28#01:55:03,14.3,65.0
2025-10-28#01:55:18,14.3,65.0
2025-10-28#01:55:33,14.3,65.0
2025-10-28#01:55:48,14.3,65.0
2025-10-28#01:56:04,14.3,65.0
2025-10-28#01:56:19,14.3,65.0
2025-10-28#01:56:34,14.3,65.0
2025-10-28#01:56:49,14.3,65.0
2025-10-28#01:57:05,14.3,65.0
2025-10-28#01:57:20,14.3,65.0
2025-10-28#01:57:35,14.3,65.0
2025-10-28#01:57:50,14.3,65.0
2025-10-28#01:58:06,14.3,65.0
2025-10-28#01:58:21,14.3,65.0
2025-10-28#01:58:36,14.3,65.0
2025-10-28#01:58:51,14.3,65.0
2025-10-28#01:59:07,14.3,65.0
2025-10-28#01:59:22,14.3,65.0
2025-10-28#01:59:37,14.3,65.0
2025-10-28#01:59:52,14.3,65.0
2025-10-28#02:00:08,14.3,65.0
2025-10-28#02:00:23,14.3,65.0
2025-10-28#02:00:38,14.3,65.0
2025-10-28#02:00:53,14.3,65.0
2025-10-28#02:01:09,14.3,65.0
2025-10-28#02:01:24,14.3,65.0
2025-10-28#02:01:39,14.3,65.0
2025-10-28#02:01:54,14.3,65.0
2025-10-28#02:02:10,14.3,65.0
2025-10-28#02:02:25,14.3,65.0
2025-10-28#02:02:40,14.3,65.0
2025-10-28#02:02:55,14.3,65.0
2025-10-28#02:03:11,14.3,65.0
2025-10-28#02:03:26,14.3,65.0
2025-10-28#02:03:41,14.3,65.0
2025-10-28#02:03:56,14.3,65.0
2025-10-28#02:04:12,14.3,65.0
2025-10-28#02:04:27,14.3,65.0
2025-10-28#02:04:42,14.3,65.0
2025-10-28#02:04:57,14.3,65.0
2025-10-28#02:05:13,14.3,65.0
2025-10-28#02:05:28,14.3,65.0
2025-10-28#02:05:43,14.3,65.0
2025-10-28#02:05:58,14.3,65.0
2025-10-28#02:06:14,14.3,65.0
2025-10-28#02:06:29,14.3,65.0
2025-10-28#02:06:44,14.3,65.0
2025-10-28#02:06:59,14.3,65.0
2025-10-28#02:07:15,14.3,65.0
2025-10-28#02:07:30,14.3,65.0
2025-10-28#02:07:45,14.3,65.0
2025-10-28#02:08:00,14.3,65.0
2025-10-28#02:08:16,14.3,65.0
2025-10-28#02:08:31,14.3,65.0
2025-10-28#02:08:46,14.3,65.0
2025-10-28#02:09:01,14.3,65.0
2025-10-28#02:09:17,14.3,65.0
2025-10-28#02:09:32,14.3,65.0
2025-10-28#02:09:47,14.3,65.0
2025-10-28#02:10:02,14.3,65.0
2025-10-28#02:10:18,14.3,65.0
2025-10-28#02:10:33,14.3,65.0
2025-10-28#02:10:48,14.3,65.0
2025-10-28#02:11:03,14.3,65.0
2025-10-28#02:11:19,14.3,65.0
2025-10-28#02:11:34,14.3,65.0
2025-10-28#02:11:49,14.3,65.0
2025-10-28#02:12:04,14.3,65.0
2025-10-28#02:12:20,14.3,65.0
2025-10-28#02:12:35,14.3,65.0
2025-10-28#02:12:50,14.3,65.0
2025-10-28#02:13:06,14.3,65.0
2025-10-28#02:13:21,14.3,65.0
2025-10-28#02:13:36,14.3,65.0
2025-10-28#02:13:51,14.3,65.0
2025-10-28#02:14:07,14.3,65.0
2025-10-28#02:14:22,14.3,65.0
2025-10-28#02:14:37,14.3,65.0
2025-10-28#02:14:52,14.3,65.0
2025-10-28#02:15:08,14.3,65.0
2025-10-28#02:15:23,14.3,65.0
2025-10-28#02:15:38,14.3,65.0
2025-10-28#02:16:09,14.3,65.0
2025-10-28#02:16:24,14.3,65.0
2025-10-28#02:16:39,14.3,65.0
2025-10-28#02:16:54,14.3,65.0
2025-10-28#02:17:10,14.3,65.0
2025-10-28#02:17:25,14.3,65.0
2025-10-28#02:17:40,14.3,65.0
2025-10-28#02:17:55,14.3,65.0
2025-10-28#02:18:11,14.3,65.0
2025-10-28#02:18:26,14.3,65.0
2025-10-28#02:18:41,14.3,65.0
2025-10-28#02:18:56,14.3,65.0
2025-10-28#02:19:12,14.3,65.0
2025-10-28#02:19:27,14.3,65.0
2025-10-28#02:19:42,14.3,65.0
2025-10-28#02:19:57,14.3,65.0
2025-10-28#02:20:13,14.3,65.0
2025-10-28#02:20:28,14.3,65.0
2025-10-28#02:20:43,14.3,65.0
2025-10-28#02:20:58,14.3,65.0
2025-10-28#02:21:14,14.3,65.0
2025-10-28#02:21:29,14.3,65.0
2025-10-28#02:21:44,14.3,65.0
2025-10-28#02:21:59,14.3,65.0
2025-10-28#02:22:15,14.3,65.0
2025-10-28#02:22:30,14.3,65.0
2025-10-28#02:22:45,14.3,65.0
2025-10-28#02:23:00,14.3,65.0
2025-10-28#02:23:16,14.3,65.0
2025-10-28#02:23:31,14.3,65.0
2025-10-28#02:23:46,14.3,65.0
2025-10-28#02:24:01,14.3,65.0
2025-10-28#02:24:17,14.3,65.0
2025-10-28#02:24:32,14.3,65.0
2025-10-28#02:24:47,14.3,65.0
2025-10-28#02:25:02,14.3,65.0
2025-10-28#02:25:18,14.3,65.0
2025-10-28#02:25:33,14.3,65.0
2025-10-28#02:25:48,14.3,65.0
2025-10-28#02:26:03,14.3,65.0
2025-10-28#02:26:19,14.3,65.0
2025-10-28#02:26:34,14.3,65.0
2025-10-28#02:26:49,14.3,65.0
2025-10-28#02:27:04,14.3,65.0
2025-10-28#02:27:20,14.3,65.0
2025-10-28#02:27:35,14.3,65.0
2025-10-28#02:27:50,14.3,65.0
2025-10-28#02:28:05,14.3,65.0
2025-10-28#02:28:21,14.3,65.0
2025-10-28#02:28:36,14.3,65.0
2025-10-28#02:28:51,14.3,65.0
2025-10-28#02:29:06,14.3,65.0
2025-10-28#02:29:22,14.3,65.0
2025-10-28#02:29:37,14.3,65.0
2025-10-28#02:29:52,14.3,65.0
2025-10-28#02:30:07,14.3,65.0
2025-10-28#02:30:23,14.3,65.0
2025-10-28#02:30:38,14.3,65.0
2025-10-28#02:30:53,14.3,65.0
2025-10-28#02:31:08,14.3,65.0
2025-10-28#02:31:24,14.3,65.0
2025-10-28#02:31:39,14.3,65.0
2025-10-28#02:31:54,14.3,65.0
2025-10-28#02:32:09,14.3,65.0
2025-10-28#02:32:25,14.3,65.0
2025-10-28#02:32:40,14.3,65.0
2025-10-28#02:32:55,14.3,65.0
2025-10-28#02:33:10,14.3,65.0
2025-10-28#02:33:26,14.3,65.0
2025-10-28#02:33:41,14.3,65.0
2025-10-28#02:34:11,14.3,65.0
2025-10-28#02:34:27,14.3,65.0
2025-10-28#02:34:42,14.3,65.0
2025-10-28#02:34:57,14.3,65.0
2025-10-28#02:35:12,14.3,65.0
2025-10-28#02:35:28,14.3,65.0
2025-10-28#02:35:43,14.3,65.0
2025-10-28#02:35:58,14.3,65.0
2025-10-28#02:36:13,14.3,65.0
2025-10-28#02:36:29,14.3,65.0
2025-10-28#02:36:44,14.3,65.0
2025-10-28#02:36:59,14.3,65.0
2025-10-28#02:37:14,14.3,65.0
2025-10-28#02:37:30,14.3,65.0
2025-10-28#02:37:45,14.3,65.0
2025-10-28#02:38:00,14.3,65.0
2025-10-28#02:38:15,14.3,65.0
2025-10-28#02:38:31,14.3,65.0
2025-10-28#02:38:46,14.3,65.0
2025-10-28#02:39:01,14.3,65.0
2025-10-28#02:39:16,14.3,65.0
2025-10-28#02:39:32,14.3,65.0
2025-10-28#02:39:47,14.3,65.0
2025-10-28#02:40:02,14.3,65.0
2025-10-28#02:40:17,14.3,65.0
2025-10-28#02:40:33,14.3,65.0
2025-10-28#02:40:48,14.3,65.0
2025-10-28#02:41:03,14.3,65.0
2025-10-28#02:41:18,14.3,65.0
2025-10-28#02:41:34,14.3,65.0
2025-10-28#02:41:49,14.3,65.0
2025-10-28#02:42:04,14.3,65.0
2025-10-28#02:42:19,14.3,65.0
2025-10-28#02:42:35,14.3,65.0
2025-10-28#02:42:50,14.3,65.0
2025-10-28#02:43:05,14.3,65.0
2025-10-28#02:43:20,14.3,65.0
2025-10-28#02:43:36,14.3,65.0
2025-10-28#02:43:51,14.3,65.0
2025-10-28#02:44:06,14.3,65.0
2025-10-28#02:44:21,14.3,65.0
2025-10-28#02:44:37,14.3,65.0
2025-10-28#02:44:52,14.3,65.0
2025-10-28#02:45:07,14.3,65.0
2025-10-28#02:45:22,14.3,65.0
2025-10-28#02:45:38,14.3,65.0
2025-10-28#02:45:53,14.3,65.0
2025-10-28#02:46:08,14.3,65.0
2025-10-28#02:46:23,14.3,65.0
2025-10-28#02:46:39,14.3,65.0
2025-10-28#02:46:54,14.3,65.0
2025-10-28#02:47:09,14.3,65.0
2025-10-28#02:47:24,14.3,65.0
2025-10-28#02:47:40,14.3,65.0
2025-10-28#02:47:55,14.3,65.0
2025-10-28#02:48:10,14.3,65.0
2025-10-28#02:48:26,14.3,65.0
2025-10-28#02:48:41,14.3,65.0
2025-10-28#02:48:56,14.3,65.0
2025-10-28#02:49:11,14.3,65.0
2025-10-28#02:49:27,14.3,65.0
2025-10-28#02:49:42,14.3,65.0
2025-10-28#02:49:57,14.3,65.0
2025-10-28#02:50:12,14.3,65.0
2025-10-28#02:50:28,14.3,65.0
2025-10-28#02:50:43,14.3,65.0
2025-10-28#02:50:58,14.3,65.0
2025-10-28#02:51:13,14.3,65.0
2025-10-28#02:51:29,14.3,65.0
2025-10-28#02:51:44,14.3,65.0
2025-10-28#02:51:59,14.3,65.0
2025-10-28#02:52:14,14.3,65.0
2025-10-28#02:52:30,14.3,65.0
2025-10-28#02:52:45,14.3,65.0
2025-10-28#02:53:00,14.3,65.0
2025-10-28#02:53:15,14.3,65.0
2025-10-28#02:53:31,14.3,65.0
2025-10-28#02:53:46,14.3,65.0
2025-10-28#02:54:01,14.3,65.0
2025-10-28#02:54:16,14.3,65.0
2025-10-28#02:54:32,14.3,65.0
2025-10-28#02:54:47,14.3,65.0
2025-10-28#02:55:02,14.3,65.0
2025-10-28#02:55:17,14.3,65.0
2025-10-28#02:55:33,14.3,65.0
2025-10-28#02:55:48,14.3,65.0
2025-10-28#02:56:03,14.3,65.0
2025-10-28#02:56:18,14.3,65.0
2025-10-28#02:56:34,14.3,65.0
2025-10-28#02:56:49,14.3,65.0
2025-10-28#02:57:04,14.3,65.0
2025-10-28#02:57:19,14.3,65.0
2025-10-28#02:57:35,14.3,65.0
2025-10-28#02:57:50,14.3,65.0
2025-10-28#02:58:05,14.3,65.0
2025-10-28#02:58:20,14.3,65.0
2025-10-28#02:58:36,14.3,65.0
2025-10-28#02:58:51,14.3,65.0
2025-10-28#02:59:06,14.3,65.0
2025-10-28#02:59:21,14.3,65.0
2025-10-28#02:59:37,14.3,65.0
2025-10-28#02:59:52,14.3,65.0
2025-10-28#03:00:07,14.3,65.0
2025-10-28#03:00:22,14.3,65.0
2025-10-28#03:00:38,14.3,65.0
2025-10-28#03:00:53,14.3,65.0
2025-10-28#03:01:08,14.3,65.0
2025-10-28#03:01:23,14.3,65.0
2025-10-28#03:01:39,14.3,65.0
2025-10-28#03:01:54,14.3,65.0
2025-10-28#03:02:09,14.3,65.0
2025-10-28#03:02:24,14.3,65.0
2025-10-28#03:02:55,14.3,65.0
2025-10-28#03:03:10,14.3,65.0
2025-10-28#03:03:25,14.3,65.0
2025-10-28#03:03:41,14.3,65.0
2025-10-28#03:03:56,14.3,65.0
2025-10-28#03:04:11,14.2,65.0
2025-10-28#03:04:26,14.2,65.0
2025-10-28#03:04:42,14.2,65.0
2025-10-28#03:04:57,14.2,65.0
2025-10-28#03:05:12,14.3,65.0
2025-10-28#03:05:27,14.3,65.0
2025-10-28#03:05:43,14.3,65.0
2025-10-28#03:05:58,14.3,65.0
2025-10-28#03:06:13,14.3,65.0
2025-10-28#03:06:28,14.3,65.0
2025-10-28#03:06:44,14.3,65.0
2025-10-28#03:06:59,14.3,65.0
2025-10-28#03:07:14,14.3,65.0
2025-10-28#03:07:29,14.3,65.0
2025-10-28#03:07:45,14.3,65.0
2025-10-28#03:08:00,14.3,65.0
2025-10-28#03:08:15,14.3,65.0
2025-10-28#03:08:30,14.3,65.0
2025-10-28#03:08:46,14.3,65.0
2025-10-28#03:09:01,14.3,65.0
2025-10-28#03:09:16,14.3,65.0
2025-10-28#03:09:31,14.3,65.0
2025-10-28#03:09:47,14.3,65.0
2025-10-28#03:10:02,14.3,65.0
2025-10-28#03:10:17,14.3,65.0
2025-10-28#03:10:32,14.3,65.0
2025-10-28#03:10:48,14.3,65.0
2025-10-28#03:11:03,14.3,65.0
2025-10-28#03:11:18,14.3,65.0
2025-10-28#03:11:33,14.3,65.0
2025-10-28#03:11:49,14.3,65.0
2025-10-28#03:12:04,14.3,65.0
2025-10-28#03:12:34,14.3,65.0
2025-10-28#03:12:50,14.3,65.0
2025-10-28#03:13:05,14.3,65.0
2025-10-28#03:13:20,14.3,65.0
2025-10-28#03:13:35,14.3,65.0
2025-10-28#03:13:51,14.3,65.0
2025-10-28#03:14:06,14.3,65.0
2025-10-28#03:14:21,14.3,65.0
2025-10-28#03:14:36,14.3,65.0
2025-10-28#03:15:07,14.3,65.0
2025-10-28#03:15:22,14.3,65.0
2025-10-28#03:15:37,14.3,65.0
2025-10-28#03:15:53,14.3,65.0
2025-10-28#03:16:08,14.3,65.0
2025-10-28#03:16:23,14.3,65.0
2025-10-28#03:16:38,14.3,65.0
2025-10-28#03:16:54,14.3,65.0
2025-10-28#03:17:09,14.3,65.0
2025-10-28#03:17:24,14.3,65.0
2025-10-28#03:17:39,14.3,65.0
2025-10-28#03:17:55,14.3,65.0
2025-10-28#03:18:10,14.3,65.0
2025-10-28#03:18:25,14.3,65.0
2025-10-28#03:18:40,14.3,65.0
2025-10-28#03:18:56,14.3,65.0
2025-10-28#03:19:11,14.3,65.0
2025-10-28#03:19:26,14.3,65.0
2025-10-28#03:19:41,14.3,65.0
2025-10-28#03:19:57,14.3,65.0
2025-10-28#03:20:12,14.3,65.0
2025-10-28#03:20:27,14.3,65.0
2025-10-28#03:20:42,14.3,65.0
2025-10-28#03:20:58,14.3,65.0
2025-10-28#03:21:13,14.3,65.0
2025-10-28#03:21:28,14.3,65.0
2025-10-28#03:21:44,14.2,65.0
2025-10-28#03:21:59,14.2,65.0
2025-10-28#03:22:14,14.2,65.0
2025-10-28#03:22:29,14.2,65.0
2025-10-28#03:22:45,14.3,65.0
2025-10-28#03:23:00,14.3,65.0
2025-10-28#03:23:15,14.3,65.0
2025-10-28#03:23:30,14.3,65.0
2025-10-28#03:24:01,14.3,65.0
2025-10-28#03:24:16,14.3,65.0
2025-10-28#03:24:31,14.3,65.0
2025-10-28#03:24:47,14.3,65.0
2025-10-28#03:25:02,14.3,65.0
2025-10-28#03:25:17,14.2,65.0
2025-10-28#03:25:32,14.2,65.0
2025-10-28#03:25:48,14.2,65.0
2025-10-28#03:26:03,14.2,65.0
2025-10-28#03:26:18,14.2,65.0
2025-10-28#03:26:33,14.2,65.0
2025-10-28#03:26:49,14.2,65.0
2025-10-28#03:27:04,14.2,65.0
2025-10-28#03:27:19,14.2,65.0
2025-10-28#03:27:34,14.3,65.0
2025-10-28#03:27:50,14.3,65.0
2025-10-28#03:28:05,14.2,65.0
2025-10-28#03:28:20,14.2,65.0
2025-10-28#03:28:35,14.3,65.0
2025-10-28#03:28:51,14.3,65.0
2025-10-28#03:29:06,14.3,65.0
2025-10-28#03:29:21,14.3,65.0
2025-10-28#03:29:36,14.3,65.0
2025-10-28#03:29:52,14.3,65.0
2025-10-28#03:30:07,14.3,65.0
2025-10-28#03:30:22,14.3,65.0
2025-10-28#03:30:37,14.3,65.0
2025-10-28#03:30:53,14.3,65.0
2025-10-28#03:31:08,14.3,65.0
2025-10-28#03:31:23,14.3,65.0
2025-10-28#03:31:38,14.3,65.0
2025-10-28#03:31:54,14.3,65.0
2025-10-28#03:32:09,14.3,65.0
2025-10-28#03:32:39,14.3,65.0
2025-10-28#03:32:55,14.3,65.0
2025-10-28#03:33:10,14.2,65.0
2025-10-28#03:33:25,14.2,65.0
2025-10-28#03:33:40,14.2,65.0
2025-10-28#03:33:56,14.3,65.0
2025-10-28#03:34:11,14.2,65.0
2025-10-28#03:34:26,14.2,65.0
2025-10-28#03:34:41,14.2,65.0
2025-10-28#03:34:57,14.2,65.0
2025-10-28#03:35:12,14.2,65.0
2025-10-28#03:35:27,14.2,65.0
2025-10-28#03:35:42,14.2,65.0
2025-10-28#03:35:58,14.2,65.0
2025-10-28#03:36:13,14.2,65.0
2025-10-28#03:36:28,14.2,65.0
2025-10-28#03:36:43,14.2,65.0
2025-10-28#03:36:59,14.2,65.0
2025-10-28#03:37:14,14.2,65.0
2025-10-28#03:37:29,14.2,65.0
2025-10-28#03:37:44,14.2,65.0
2025-10-28#03:38:00,14.2,65.0
2025-10-28#03:38:15,14.2,65.0
2025-10-28#03:38:30,14.2,65.0
2025-10-28#03:38:45,14.2,65.0
2025-10-28#03:39:01,14.2,65.0
2025-10-28#03:39:16,14.2,65.0
2025-10-28#03:39:31,14.2,65.0
2025-10-28#03:39:46,14.2,65.0
2025-10-28#03:40:02,14.2,65.0
2025-10-28#03:40:17,14.2,65.0
2025-10-28#03:40:32,14.2,65.0
2025-10-28#03:40:47,14.2,65.0
2025-10-28#03:41:03,14.2,65.0
2025-10-28#03:41:18,14.2,65.0
2025-10-28#03:41:33,14.2,65.0
2025-10-28#03:41:48,14.2,65.0
2025-10-28#03:42:04,14.2,65.0
2025-10-28#03:42:19,14.2,65.0
2025-10-28#03:42:34,14.2,65.0
2025-10-28#03:42:49,14.2,65.0
2025-10-28#03:43:05,14.2,65.0
2025-10-28#03:43:20,14.2,65.0
2025-10-28#03:43:35,14.2,65.0
2025-10-28#03:43:50,14.2,65.0
2025-10-28#03:44:06,14.2,65.0
2025-10-28#03:44:21,14.2,65.0
2025-10-28#03:44:36,14.2,65.0
2025-10-28#03:44:51,14.2,65.0
2025-10-28#03:45:07,14.2,65.0
2025-10-28#03:45:22,14.2,65.0
2025-10-28#03:45:37,14.2,65.0
2025-10-28#03:45:52,14.2,65.0
2025-10-28#03:46:08,14.2,65.0
2025-10-28#03:46:23,14.2,65.0
2025-10-28#03:46:38,14.2,65.0
2025-10-28#03:46:53,14.2,65.0
2025-10-28#03:47:09,14.2,65.0
2025-10-28#03:47:24,14.2,65.0
2025-10-28#03:47:39,14.2,65.0
2025-10-28#03:47:54,14.2,65.0
2025-10-28#03:48:10,14.2,65.0
2025-10-28#03:48:25,14.2,65.0
2025-10-28#03:48:40,14.2,65.0
2025-10-28#03:48:55,14.2,65.0
2025-10-28#03:49:11,14.2,65.0
2025-10-28#03:49:26,14.2,65.0
2025-10-28#03:49:41,14.2,65.0
2025-10-28#03:49:56,14.2,65.0
2025-10-28#03:50:12,14.2,65.0
2025-10-28#03:50:27,14.2,65.0
2025-10-28#03:50:42,14.2,65.0
2025-10-28#03:50:57,14.2,65.0
2025-10-28#03:51:13,14.2,65.0
2025-10-28#03:51:28,14.2,65.0
2025-10-28#03:51:43,14.2,65.0
2025-10-28#03:51:58,14.2,65.0
2025-10-28#03:52:14,14.2,65.0
2025-10-28#03:52:29,14.2,65.0
2025-10-28#03:52:44,14.2,65.0
2025-10-28#03:52:59,14.2,65.0
2025-10-28#03:53:15,14.2,65.0
2025-10-28#03:53:30,14.2,65.0
2025-10-28#03:53:45,14.2,65.0
2025-10-28#03:54:00,14.2,65.0
2025-10-28#03:54:16,14.2,65.0
2025-10-28#03:54:31,14.2,65.0
2025-10-28#03:54:46,14.2,65.0
2025-10-28#03:55:01,14.2,65.0
2025-10-28#03:55:17,14.2,65.0
2025-10-28#03:55:32,14.2,65.0
2025-10-28#03:55:47,14.2,65.0
2025-10-28#03:56:03,14.2,65.0
2025-10-28#03:56:18,14.2,65.0
2025-10-28#03:56:33,14.2,65.0
2025-10-28#03:56:48,14.2,65.0
2025-10-28#03:57:04,14.2,65.0
2025-10-28#03:57:19,14.2,65.0
2025-10-28#03:57:34,14.2,65.0
2025-10-28#03:57:49,14.2,65.0
2025-10-28#03:58:05,14.2,65.0
2025-10-28#03:58:20,14.2,65.0
2025-10-28#03:58:35,14.2,65.0
2025-10-28#03:58:50,14.2,65.0
2025-10-28#03:59:06,14.2,65.0
2025-10-28#03:59:21,14.2,65.0
2025-10-28#03:59:36,14.2,65.0
2025-10-28#03:59:51,14.2,65.0
2025-10-28#04:00:07,14.2,65.0
2025-10-28#04:00:22,14.2,65.0
2025-10-28#04:00:52,14.2,65.0
2025-10-28#04:01:08,14.2,65.0
2025-10-28#04:01:23,14.2,65.0
2025-10-28#04:01:38,14.2,65.0
2025-10-28#04:01:53,14.2,65.0
2025-10-28#04:02:09,14.2,65.0
2025-10-28#04:02:24,14.2,65.0
2025-10-28#04:02:39,14.2,65.0
2025-10-28#04:02:54,14.2,65.0
2025-10-28#04:03:10,14.2,65.0
2025-10-28#04:03:25,14.2,65.0
2025-10-28#04:03:40,14.2,65.0
2025-10-28#04:03:55,14.2,65.0
2025-10-28#04:04:11,14.2,65.0
2025-10-28#04:04:26,14.2,65.0
2025-10-28#04:04:41,14.2,65.0
2025-10-28#04:04:56,14.2,65.0
2025-10-28#04:05:12,14.2,65.0
2025-10-28#04:05:27,14.2,65.0
2025-10-28#04:05:42,14.2,65.0
2025-10-28#04:05:57,14.2,65.0
2025-10-28#04:06:13,14.2,65.0
2025-10-28#04:06:28,14.2,65.0
2025-10-28#04:06:43,14.2,65.0
2025-10-28#04:06:58,14.2,65.0
2025-10-28#04:07:14,14.2,65.0
2025-10-28#04:07:29,14.2,65.0
2025-10-28#04:07:44,14.2,65.0
2025-10-28#04:07:59,14.2,65.0
2025-10-28#04:08:15,14.2,65.0
2025-10-28#04:08:30,14.2,65.0
2025-10-28#04:08:45,14.2,65.0
2025-10-28#04:09:00,14.2,65.0
2025-10-28#04:09:16,14.2,65.0
2025-10-28#04:09:31,14.2,65.0
2025-10-28#04:09:46,14.2,65.0
2025-10-28#04:10:01,14.2,65.0
2025-10-28#04:10:17,14.2,65.0
2025-10-28#04:10:32,14.2,65.0
2025-10-28#04:10:47,14.2,65.0
2025-10-28#04:11:02,14.2,65.0
2025-10-28#04:11:18,14.2,65.0
2025-10-28#04:11:33,14.2,65.0
2025-10-28#04:11:48,14.2,65.0
2025-10-28#04:12:03,14.2,65.0
2025-10-28#04:12:19,14.2,65.0
2025-10-28#04:12:34,14.2,65.0
2025-10-28#04:12:49,14.2,65.0
2025-10-28#04:13:04,14.2,65.0
2025-10-28#04:13:20,14.2,65.0
2025-10-28#04:13:35,14.2,65.0
2025-10-28#04:13:50,14.2,65.0
2025-10-28#04:14:05,14.2,65.0
2025-10-28#04:14:21,14.2,65.0
2025-10-28#04:14:36,14.2,65.0
2025-10-28#04:14:51,14.2,65.0
2025-10-28#04:15:06,14.2,65.0
2025-10-28#04:15:22,14.2,65.0
2025-10-28#04:15:37,14.2,65.0
2025-10-28#04:15:52,14.2,65.0
2025-10-28#04:16:07,14.2,65.0
2025-10-28#04:16:23,14.2,65.0
2025-10-28#04:16:38,14.2,65.0
2025-10-28#04:16:53,14.2,65.0
2025-10-28#04:17:08,14.2,65.0
2025-10-28#04:17:24,14.2,65.0
2025-10-28#04:17:39,14.2,65.0
2025-10-28#04:17:54,14.2,65.0
2025-10-28#04:18:09,14.2,65.0
2025-10-28#04:18:25,14.2,65.0
2025-10-28#04:18:40,14.2,65.0
2025-10-28#04:18:55,14.2,65.0
2025-10-28#04:19:10,14.2,65.0
2025-10-28#04:19:26,14.2,65.0
2025-10-28#04:19:41,14.2,65.0
2025-10-28#04:19:56,14.2,65.0
2025-10-28#04:20:11,14.2,65.0
2025-10-28#04:20:27,14.2,65.0
2025-10-28#04:20:42,14.2,65.0
2025-10-28#04:20:57,14.2,65.0
2025-10-28#04:21:12,14.2,66.0
2025-10-28#04:21:28,14.2,66.0
2025-10-28#04:21:43,14.2,66.0
2025-10-28#04:21:58,14.2,66.0
2025-10-28#04:22:13,14.2,66.0
2025-10-28#04:22:29,14.2,66.0
2025-10-28#04:22:44,14.2,66.0
2025-10-28#04:22:59,14.2,66.0
2025-10-28#04:23:14,14.2,66.0
2025-10-28#04:23:30,14.2,66.0
2025-10-28#04:23:45,14.2,66.0
2025-10-28#04:24:00,14.2,66.0
2025-10-28#04:24:15,14.2,66.0
2025-10-28#04:24:31,14.2,66.0
2025-10-28#04:24:46,14.2,66.0
2025-10-28#04:25:01,14.2,66.0
2025-10-28#04:25:16,14.2,66.0
2025-10-28#04:25:32,14.2,66.0
2025-10-28#04:25:47,14.2,66.0
2025-10-28#04:26:02,14.2,66.0
2025-10-28#04:26:17,14.2,66.0
2025-10-28#04:26:33,14.2,66.0
2025-10-28#04:26:48,14.2,66.0
2025-10-28#04:27:03,14.2,66.0
2025-10-28#04:27:18,14.2,66.0
2025-10-28#04:27:34,14.2,66.0
2025-10-28#04:27:49,14.2,66.0
2025-10-28#04:28:04,14.2,66.0
2025-10-28#04:28:19,14.2,66.0
2025-10-28#04:28:35,14.2,66.0
2025-10-28#04:28:50,14.2,66.0
2025-10-28#04:29:05,14.2,66.0
2025-10-28#04:29:20,14.2,66.0
2025-10-28#04:29:36,14.2,66.0
2025-10-28#04:29:51,14.2,66.0
2025-10-28#04:30:06,14.2,66.0
2025-10-28#04:30:22,14.2,66.0
2025-10-28#04:30:37,14.2,66.0
2025-10-28#04:30:52,14.2,66.0
2025-10-28#04:31:07,14.2,66.0
2025-10-28#04:31:23,14.2,66.0
2025-10-28#04:31:38,14.2,66.0
2025-10-28#04:31:53,14.2,66.0
2025-10-28#04:32:08,14.2,66.0
2025-10-28#04:32:24,14.2,66.0
2025-10-28#04:32:39,14.2,66.0
2025-10-28#04:32:54,14.2,66.0
2025-10-28#04:33:09,14.2,66.0
2025-10-28#04:33:25,14.2,66.0
2025-10-28#04:33:40,14.2,66.0
2025-10-28#04:33:55,14.2,66.0
2025-10-28#04:34:10,14.2,66.0
2025-10-28#04:34:26,14.2,66.0
2025-10-28#04:34:41,14.2,66.0
2025-10-28#04:34:56,14.2,66.0
2025-10-28#04:35:11,14.2,66.0
2025-10-28#04:35:27,14.2,66.0
2025-10-28#04:35:42,14.2,66.0
2025-10-28#04:35:57,14.2,66.0
2025-10-28#04:36:12,14.2,66.0
2025-10-28#04:36:28,14.2,66.0
2025-10-28#04:36:43,14.2,66.0
2025-10-28#04:36:58,14.2,66.0
2025-10-28#04:37:13,14.2,66.0
2025-10-28#04:37:29,14.2,66.0
2025-10-28#04:37:44,14.2,66.0
2025-10-28#04:37:59,14.2,66.0
2025-10-28#04:38:14,14.2,66.0
2025-10-28#04:38:30,14.2,66.0
2025-10-28#04:38:45,14.2,66.0
2025-10-28#04:39:00,14.2,66.0
2025-10-28#04:39:15,14.2,66.0
2025-10-28#04:39:31,14.2,66.0
2025-10-28#04:39:46,14.2,66.0
2025-10-28#04:40:01,14.2,66.0
2025-10-28#04:40:16,14.2,66.0
2025-10-28#04:40:32,14.2,66.0
2025-10-28#04:40:47,14.2,66.0
2025-10-28#04:41:02,14.2,66.0
2025-10-28#04:41:17,14.2,66.0
2025-10-28#04:41:33,14.2,66.0
2025-10-28#04:41:48,14.2,66.0
2025-10-28#04:42:03,14.2,66.0
2025-10-28#04:42:18,14.2,66.0
2025-10-28#04:42:34,14.2,66.0
2025-10-28#04:42:49,14.2,66.0
2025-10-28#04:43:04,14.2,66.0
2025-10-28#04:43:19,14.2,66.0
2025-10-28#04:43:35,14.2,66.0
2025-10-28#04:43:50,14.2,66.0
2025-10-28#04:44:05,14.2,66.0
2025-10-28#04:44:20,14.2,66.0
2025-10-28#04:44:36,14.2,66.0
2025-10-28#04:44:51,14.2,66.0
2025-10-28#04:45:06,14.2,66.0
2025-10-28#04:45:21,14.2,66.0
2025-10-28#04:45:37,14.2,66.0
2025-10-28#04:45:52,14.2,66.0
2025-10-28#04:46:07,14.2,66.0
2025-10-28#04:46:22,14.2,66.0
2025-10-28#04:46:38,14.2,66.0
2025-10-28#04:46:53,14.2,66.0
2025-10-28#04:47:08,14.2,66.0
2025-10-28#04:47:23,14.2,66.0
2025-10-28#04:47:39,14.2,66.0
2025-10-28#04:47:54,14.2,66.0
2025-10-28#04:48:09,14.2,66.0
2025-10-28#04:48:24,14.2,66.0
2025-10-28#04:48:40,14.2,66.0
2025-10-28#04:48:55,14.2,66.0
2025-10-28#04:49:10,14.2,66.0
2025-10-28#04:49:25,14.2,66.0
2025-10-28#04:49:41,14.2,66.0
2025-10-28#04:49:56,14.2,66.0
2025-10-28#04:50:11,14.2,66.0
2025-10-28#04:50:26,14.2,66.0
2025-10-28#04:50:42,14.2,66.0
2025-10-28#04:50:57,14.2,66.0
2025-10-28#04:51:12,14.2,66.0
2025-10-28#04:51:27,14.2,66.0
2025-10-28#04:51:43,14.2,66.0
2025-10-28#04:51:58,14.2,66.0
2025-10-28#04:52:13,14.2,66.0
2025-10-28#04:52:28,14.2,66.0
2025-10-28#04:52:44,14.2,66.0
2025-10-28#04:52:59,14.2,66.0
2025-10-28#04:53:14,14.2,66.0
2025-10-28#04:53:29,14.2,66.0
2025-10-28#04:53:45,14.2,66.0
2025-10-28#04:54:00,14.2,66.0
2025-10-28#04:54:15,14.2,66.0
2025-10-28#04:54:30,14.2,66.0
2025-10-28#04:54:46,14.2,66.0
2025-10-28#04:55:01,14.2,66.0
2025-10-28#04:55:16,14.2,66.0
2025-10-28#04:55:31,14.2,66.0
2025-10-28#04:55:47,14.2,66.0
2025-10-28#04:56:02,14.2,66.0
2025-10-28#04:56:17,14.2,66.0
2025-10-28#04:56:32,14.2,66.0
2025-10-28#04:56:48,14.1,66.0
2025-10-28#04:57:03,14.1,67.0
2025-10-28#04:57:18,14.1,67.0
2025-10-28#04:57:33,14.2,67.0
2025-10-28#04:57:49,14.2,67.0
2025-10-28#04:58:04,14.2,67.0
2025-10-28#04:58:19,14.2,67.0
2025-10-28#04:58:34,14.2,67.0
2025-10-28#04:58:50,14.2,67.0
2025-10-28#04:59:05,14.2,67.0
2025-10-28#04:59:20,14.2,67.0
2025-10-28#04:59:35,14.2,67.0
2025-10-28#04:59:51,14.2,67.0
2025-10-28#05:00:06,14.2,67.0
2025-10-28#05:00:21,14.2,67.0
2025-10-28#05:00:36,14.2,67.0
2025-10-28#05:00:52,14.2,67.0
2025-10-28#05:01:22,14.2,67.0
2025-10-28#05:01:37,14.2,67.0
2025-10-28#05:01:53,14.2,67.0
2025-10-28#05:02:23,14.2,67.0
2025-10-28#05:02:38,14.2,67.0
2025-10-28#05:02:54,14.2,67.0
2025-10-28#05:03:09,14.2,67.0
2025-10-28#05:03:24,14.2,67.0
2025-10-28#05:03:39,14.2,67.0
2025-10-28#05:03:55,14.2,67.0
2025-10-28#05:04:10,14.2,67.0
2025-10-28#05:04:25,14.2,67.0
2025-10-28#05:04:41,14.2,67.0
2025-10-28#05:04:56,14.2,67.0
2025-10-28#05:05:11,14.2,67.0
2025-10-28#05:05:26,14.2,67.0
2025-10-28#05:05:42,14.2,67.0
2025-10-28#05:05:57,14.2,67.0
2025-10-28#05:06:12,14.2,67.0
2025-10-28#05:06:27,14.2,67.0
2025-10-28#05:06:43,14.2,67.0
2025-10-28#05:07:13,14.2,67.0
2025-10-28#05:07:28,14.2,67.0
2025-10-28#05:07:44,14.2,67.0
2025-10-28#05:07:59,14.2,67.0
2025-10-28#05:08:14,14.2,67.0
2025-10-28#05:08:29,14.2,67.0
2025-10-28#05:08:45,14.2,67.0
2025-10-28#05:09:00,14.2,67.0
2025-10-28#05:09:15,14.2,67.0
2025-10-28#05:09:30,14.2,67.0
2025-10-28#05:09:46,14.2,67.0
2025-10-28#05:10:01,14.2,67.0
2025-10-28#05:10:16,14.2,67.0
2025-10-28#05:10:31,14.2,67.0
2025-10-28#05:10:47,14.2,67.0
2025-10-28#05:11:02,14.2,67.0
2025-10-28#05:11:17,14.2,67.0
2025-10-28#05:11:32,14.2,67.0
2025-10-28#05:11:48,14.2,67.0
2025-10-28#05:12:03,14.2,67.0
2025-10-28#05:12:18,14.2,67.0
2025-10-28#05:12:33,14.2,67.0
2025-10-28#05:12:49,14.2,67.0
2025-10-28#05:13:04,14.2,67.0
2025-10-28#05:13:19,14.2,67.0
2025-10-28#05:13:34,14.2,67.0
2025-10-28#05:13:50,14.2,67.0
2025-10-28#05:14:05,14.2,67.0
2025-10-28#05:14:20,14.2,67.0
2025-10-28#05:14:35,14.2,67.0
2025-10-28#05:14:51,14.2,67.0
2025-10-28#05:15:06,14.2,67.0
2025-10-28#05:15:21,14.2,67.0
2025-10-28#05:15:36,14.2,67.0
2025-10-28#05:16:07,14.2,67.0
2025-10-28#05:16:22,14.2,67.0
2025-10-28#05:16:37,14.2,67.0
2025-10-28#05:16:53,14.2,67.0
2025-10-28#05:17:08,14.2,67.0
2025-10-28#05:17:23,14.2,67.0
2025-10-28#05:17:38,14.1,67.0
2025-10-28#05:17:54,14.1,67.0
2025-10-28#05:18:09,14.1,67.0
2025-10-28#05:18:24,14.1,67.0
2025-10-28#05:18:39,14.2,67.0
2025-10-28#05:18:55,14.2,67.0
2025-10-28#05:19:10,14.2,67.0
2025-10-28#05:19:25,14.2,68.0
2025-10-28#05:19:40,14.2,68.0
2025-10-28#05:19:56,14.2,68.0
2025-10-28#05:20:11,14.2,68.0
2025-10-28#05:20:26,14.2,68.0
2025-10-28#05:20:41,14.2,68.0
2025-10-28#05:20:57,14.2,68.0
2025-10-28#05:21:12,14.2,68.0
2025-10-28#05:21:27,14.2,68.0
2025-10-28#05:21:42,14.2,68.0
2025-10-28#05:21:58,14.2,68.0
2025-10-28#05:22:13,14.2,68.0
2025-10-28#05:22:28,14.2,68.0
2025-10-28#05:22:43,14.2,68.0
2025-10-28#05:22:59,14.2,68.0
2025-10-28#05:23:14,14.2,68.0
2025-10-28#05:23:29,14.2,68.0
2025-10-28#05:23:44,14.2,68.0
2025-10-28#05:24:00,14.2,68.0
2025-10-28#05:24:15,14.2,68.0
2025-10-28#05:24:30,14.2,68.0
2025-10-28#05:24:45,14.2,68.0
2025-10-28#05:25:01,14.2,68.0
2025-10-28#05:25:16,14.2,68.0
2025-10-28#05:25:31,14.2,68.0
2025-10-28#05:25:46,14.2,68.0
2025-10-28#05:26:02,14.2,68.0
2025-10-28#05:26:17,14.2,68.0
2025-10-28#05:26:32,14.2,68.0
2025-10-28#05:26:47,14.2,68.0
2025-10-28#05:27:03,14.2,68.0
2025-10-28#05:27:18,14.2,68.0
2025-10-28#05:27:33,14.2,68.0
2025-10-28#05:27:48,14.2,68.0
2025-10-28#05:28:04,14.2,68.0
2025-10-28#05:28:19,14.2,68.0
2025-10-28#05:28:34,14.2,68.0
2025-10-28#05:28:50,14.2,68.0
2025-10-28#05:29:05,14.2,68.0
2025-10-28#05:29:20,14.2,68.0
2025-10-28#05:29:35,14.2,68.0
2025-10-28#05:29:51,14.2,68.0
2025-10-28#05:30:06,14.2,68.0
2025-10-28#05:30:21,14.2,68.0
2025-10-28#05:30:36,14.2,68.0
2025-10-28#05:30:52,14.2,68.0
2025-10-28#05:31:07,14.2,68.0
2025-10-28#05:31:22,14.2,68.0
2025-10-28#05:31:37,14.2,68.0
2025-10-28#05:31:53,14.2,68.0
2025-10-28#05:32:08,14.2,68.0
2025-10-28#05:32:23,14.2,68.0
2025-10-28#05:32:38,14.2,68.0
2025-10-28#05:32:54,14.2,68.0
2025-10-28#05:33:09,14.2,68.0
2025-10-28#05:33:24,14.2,68.0
2025-10-28#05:33:39,14.2,68.0
2025-10-28#05:33:55,14.2,68.0
2025-10-28#05:34:10,14.2,68.0
2025-10-28#05:34:25,14.2,68.0
2025-10-28#05:34:40,14.2,68.0
2025-10-28#05:34:56,14.2,68.0
2025-10-28#05:35:11,14.2,68.0
2025-10-28#05:35:26,14.2,68.0
2025-10-28#05:35:41,14.2,68.0
2025-10-28#05:35:57,14.2,68.0
2025-10-28#05:36:12,14.2,68.0
2025-10-28#05:36:27,14.2,68.0
2025-10-28#05:36:42,14.2,68.0
2025-10-28#05:36:58,14.2,68.0
2025-10-28#05:37:13,14.2,68.0
2025-10-28#05:37:28,14.2,68.0
2025-10-28#05:37:43,14.2,68.0
2025-10-28#05:37:59,14.2,68.0
2025-10-28#05:38:14,14.2,68.0
2025-10-28#05:38:29,14.2,68.0
2025-10-28#05:38:44,14.2,68.0
2025-10-28#05:39:00,14.2,68.0
2025-10-28#05:39:15,14.2,68.0
2025-10-28#05:39:30,14.2,68.0
2025-10-28#05:39:45,14.2,68.0
2025-10-28#05:40:01,14.2,68.0
2025-10-28#05:40:16,14.2,68.0
2025-10-28#05:40:31,14.2,68.0
2025-10-28#05:40:46,14.2,68.0
2025-10-28#05:41:02,14.2,68.0
2025-10-28#05:41:17,14.2,68.0
2025-10-28#05:41:32,14.2,68.0
2025-10-28#05:41:47,14.2,68.0
2025-10-28#05:42:18,14.2,68.0
2025-10-28#05:42:33,14.2,68.0
2025-10-28#05:42:48,14.2,68.0
2025-10-28#05:43:04,14.2,68.0
2025-10-28#05:43:19,14.2,68.0
2025-10-28#05:43:34,14.2,68.0
2025-10-28#05:43:49,14.2,68.0
2025-10-28#05:44:05,14.2,68.0
2025-10-28#05:44:20,14.2,68.0
2025-10-28#05:44:35,14.2,68.0
2025-10-28#05:44:50,14.2,68.0
2025-10-28#05:45:06,14.2,68.0
2025-10-28#05:45:21,14.2,68.0
2025-10-28#05:45:36,14.2,68.0
2025-10-28#05:45:51,14.2,68.0
2025-10-28#05:46:07,14.2,68.0
2025-10-28#05:46:22,14.2,68.0
2025-10-28#05:46:37,14.2,68.0
2025-10-28#05:46:52,14.2,68.0
2025-10-28#05:47:08,14.2,68.0
2025-10-28#05:47:23,14.2,68.0
2025-10-28#05:47:38,14.2,68.0
2025-10-28#05:47:53,14.2,68.0
2025-10-28#05:48:09,14.2,68.0
2025-10-28#05:48:24,14.2,68.0
2025-10-28#05:48:39,14.2,68.0
2025-10-28#05:48:54,14.2,68.0
2025-10-28#05:49:10,14.2,68.0
2025-10-28#05:49:25,14.2,68.0
2025-10-28#05:49:40,14.2,68.0
2025-10-28#05:49:55,14.2,68.0
2025-10-28#05:50:11,14.2,68.0
2025-10-28#05:50:26,14.2,68.0
2025-10-28#05:50:41,14.2,68.0
2025-10-28#05:50:56,14.2,68.0
2025-10-28#05:51:12,14.2,68.0
2025-10-28#05:51:27,14.2,68.0
2025-10-28#05:51:42,14.2,68.0
2025-10-28#05:51:57,14.2,68.0
2025-10-28#05:52:13,14.2,68.0
2025-10-28#05:52:28,14.2,68.0
2025-10-28#05:52:43,14.2,69.0
2025-10-28#05:52:58,14.2,69.0
2025-10-28#05:53:14,14.2,69.0
2025-10-28#05:53:29,14.2,69.0
2025-10-28#05:53:44,14.2,69.0
2025-10-28#05:53:59,14.2,69.0
2025-10-28#05:54:15,14.2,69.0
2025-10-28#05:54:30,14.2,69.0
2025-10-28#05:54:45,14.2,69.0
2025-10-28#05:55:00,14.2,69.0
2025-10-28#05:55:16,14.2,69.0
2025-10-28#05:55:31,14.2,69.0
2025-10-28#05:55:46,14.2,69.0
2025-10-28#05:56:01,14.2,69.0
2025-10-28#05:56:17,14.2,69.0
2025-10-28#05:56:32,14.2,69.0
2025-10-28#05:56:47,14.2,69.0
2025-10-28#05:57:02,14.2,69.0
2025-10-28#05:57:18,14.2,69.0
2025-10-28#05:57:33,14.2,69.0
2025-10-28#05:57:48,14.2,69.0
2025-10-28#05:58:03,14.2,69.0
2025-10-28#05:58:19,14.2,69.0
2025-10-28#05:58:34,14.2,69.0
2025-10-28#05:58:49,14.2,69.0
2025-10-28#05:59:04,14.2,69.0
2025-10-28#05:59:20,14.2,69.0
2025-10-28#05:59:35,14.2,69.0
2025-10-28#05:59:50,14.2,69.0
2025-10-28#06:00:05,14.2,69.0
2025-10-28#06:00:21,14.2,69.0
2025-10-28#06:00:36,14.2,69.0
2025-10-28#06:00:51,14.2,69.0
2025-10-28#06:01:06,14.2,69.0
2025-10-28#06:01:22,14.3,69.0
2025-10-28#06:01:37,14.3,69.0
2025-10-28#06:01:52,14.3,69.0
2025-10-28#06:02:07,14.3,69.0
2025-10-28#06:02:23,14.3,69.0
2025-10-28#06:02:38,14.2,69.0
2025-10-28#06:02:53,14.2,69.0
2025-10-28#06:03:09,14.2,69.0
2025-10-28#06:03:24,14.2,69.0
2025-10-28#06:03:39,14.2,69.0
2025-10-28#06:03:54,14.2,69.0
2025-10-28#06:04:10,14.2,69.0
2025-10-28#06:04:25,14.2,69.0
2025-10-28#06:04:40,14.2,69.0
2025-10-28#06:04:55,14.2,69.0
2025-10-28#06:05:11,14.2,69.0
2025-10-28#06:05:26,14.2,69.0
2025-10-28#06:05:41,14.2,69.0
2025-10-28#06:05:56,14.2,69.0
2025-10-28#06:06:12,14.2,69.0
2025-10-28#06:06:27,14.2,69.0
2025-10-28#06:06:42,14.2,69.0
2025-10-28#06:06:57,14.2,69.0
2025-10-28#06:07:13,14.2,69.0
2025-10-28#06:07:28,14.2,69.0
2025-10-28#06:07:43,14.2,69.0
2025-10-28#06:07:58,14.3,69.0
2025-10-28#06:08:14,14.3,69.0
2025-10-28#06:08:29,14.3,69.0
2025-10-28#06:08:44,14.3,69.0
2025-10-28#06:08:59,14.3,69.0
2025-10-28#06:09:15,14.3,69.0
2025-10-28#06:09:30,14.3,69.0
2025-10-28#06:09:45,14.3,69.0
2025-10-28#06:10:00,14.3,69.0
2025-10-28#06:10:16,14.3,69.0
2025-10-28#06:10:31,14.3,69.0
2025-10-28#06:10:46,14.3,69.0
2025-10-28#06:11:01,14.3,69.0
2025-10-28#06:11:17,14.3,69.0
2025-10-28#06:11:32,14.3,69.0
2025-10-28#06:11:47,14.3,69.0
2025-10-28#06:12:02,14.2,69.0
2025-10-28#06:12:18,14.3,69.0
2025-10-28#06:12:33,14.3,69.0
2025-10-28#06:12:48,14.3,69.0
2025-10-28#06:13:03,14.3,69.0
2025-10-28#06:13:19,14.3,69.0
2025-10-28#06:13:34,14.3,69.0
2025-10-28#06:13:49,14.3,69.0
2025-10-28#06:14:04,14.3,69.0
2025-10-28#06:14:20,14.3,69.0
2025-10-28#06:14:35,14.3,69.0
2025-10-28#06:14:50,14.3,69.0
2025-10-28#06:15:05,14.3,69.0
2025-10-28#06:15:21,14.3,69.0
2025-10-28#06:15:36,14.3,69.0
2025-10-28#06:15:51,14.3,69.0
2025-10-28#06:16:06,14.3,69.0
2025-10-28#06:16:22,14.3,69.0
2025-10-28#06:16:37,14.3,69.0
2025-10-28#06:16:52,14.3,69.0
2025-10-28#06:17:07,14.3,69.0
2025-10-28#06:17:23,14.3,69.0
2025-10-28#06:17:38,14.3,70.0
2025-10-28#06:17:53,14.3,70.0
2025-10-28#06:18:08,14.3,70.0
2025-10-28#06:18:24,14.3,70.0
2025-10-28#06:18:39,14.3,70.0
2025-10-28#06:18:54,14.3,70.0
2025-10-28#06:19:09,14.3,70.0
2025-10-28#06:19:25,14.3,70.0
2025-10-28#06:19:40,14.3,70.0
2025-10-28#06:19:55,14.3,70.0
2025-10-28#06:20:10,14.3,70.0
2025-10-28#06:20:26,14.3,70.0
2025-10-28#06:20:41,14.3,70.0
2025-10-28#06:20:56,14.3,70.0
2025-10-28#06:21:11,14.3,70.0
2025-10-28#06:21:27,14.3,70.0
2025-10-28#06:21:42,14.3,70.0
2025-10-28#06:21:57,14.3,70.0
2025-10-28#06:22:12,14.3,70.0
2025-10-28#06:22:28,14.3,70.0
2025-10-28#06:22:43,14.3,70.0
2025-10-28#06:22:58,14.3,70.0
2025-10-28#06:23:13,14.3,70.0
2025-10-28#06:23:29,14.3,70.0
2025-10-28#06:23:44,14.3,70.0
2025-10-28#06:23:59,14.3,70.0
2025-10-28#06:24:14,14.3,70.0
2025-10-28#06:24:30,14.3,70.0
2025-10-28#06:24:45,14.3,70.0
2025-10-28#06:25:00,14.3,70.0
2025-10-28#06:25:15,14.3,70.0
2025-10-28#06:25:31,14.3,70.0
2025-10-28#06:25:46,14.3,70.0
2025-10-28#06:26:01,14.3,70.0
2025-10-28#06:26:16,14.3,70.0
2025-10-28#06:26:32,14.3,70.0
2025-10-28#06:26:47,14.3,70.0
2025-10-28#06:27:02,14.3,70.0
2025-10-28#06:27:17,14.3,70.0
2025-10-28#06:27:33,14.3,70.0
2025-10-28#06:27:48,14.3,70.0
2025-10-28#06:28:03,14.3,70.0
2025-10-28#06:28:18,14.3,70.0
2025-10-28#06:28:34,14.3,70.0
2025-10-28#06:28:49,14.3,70.0
2025-10-28#06:29:04,14.3,70.0
2025-10-28#06:29:35,14.3,70.0
2025-10-28#06:29:50,14.3,70.0
2025-10-28#06:30:05,14.3,70.0
2025-10-28#06:30:20,14.3,70.0
2025-10-28#06:30:36,14.3,70.0
2025-10-28#06:30:51,14.3,70.0
2025-10-28#06:31:06,14.3,70.0
2025-10-28#06:31:21,14.3,70.0
2025-10-28#06:31:37,14.3,70.0
2025-10-28#06:31:52,14.3,70.0
2025-10-28#06:32:07,14.3,71.0
2025-10-28#06:32:22,14.3,71.0
2025-10-28#06:32:38,14.3,71.0
2025-10-28#06:32:53,14.3,71.0
2025-10-28#06:33:08,14.3,71.0
2025-10-28#06:33:23,14.3,71.0
2025-10-28#06:33:39,14.3,71.0
2025-10-28#06:33:54,14.3,71.0
2025-10-28#06:34:09,14.3,71.0
2025-10-28#06:34:24,14.3,71.0
2025-10-28#06:34:40,14.3,71.0
2025-10-28#06:34:55,14.3,71.0
2025-10-28#06:35:10,14.3,71.0
2025-10-28#06:35:25,14.3,71.0
2025-10-28#06:35:41,14.3,71.0
2025-10-28#06:35:56,14.3,71.0
2025-10-28#06:36:11,14.3,71.0
2025-10-28#06:36:26,14.3,71.0
2025-10-28#06:36:42,14.3,71.0
2025-10-28#06:36:57,14.3,71.0
2025-10-28#06:37:12,14.3,71.0
2025-10-28#06:37:28,14.3,71.0
2025-10-28#06:37:43,14.3,71.0
2025-10-28#06:37:58,14.3,71.0
2025-10-28#06:38:13,14.3,71.0
2025-10-28#06:38:29,14.3,71.0
2025-10-28#06:38:44,14.3,71.0
2025-10-28#06:38:59,14.3,71.0
2025-10-28#06:39:14,14.3,71.0
2025-10-28#06:39:30,14.3,72.0
2025-10-28#06:39:45,14.3,72.0
2025-10-28#06:40:00,14.3,72.0
2025-10-28#06:40:15,14.3,72.0
2025-10-28#06:40:31,14.3,72.0
2025-10-28#06:40:46,14.3,72.0
2025-10-28#06:41:01,14.3,72.0
2025-10-28#06:41:16,14.3,72.0
2025-10-28#06:41:32,14.3,72.0
2025-10-28#06:41:47,14.3,72.0
2025-10-28#06:42:02,14.3,72.0
2025-10-28#06:42:17,14.3,72.0
2025-10-28#06:42:33,14.3,72.0
2025-10-28#06:42:48,14.3,72.0
2025-10-28#06:43:03,14.3,72.0
2025-10-28#06:43:18,14.3,72.0
2025-10-28#06:43:34,14.3,72.0
2025-10-28#06:43:49,14.3,72.0
2025-10-28#06:44:04,14.3,72.0
2025-10-28#06:44:19,14.3,72.0
2025-10-28#06:44:35,14.3,72.0
2025-10-28#06:44:50,14.3,72.0
2025-10-28#06:45:05,14.3,72.0
2025-10-28#06:45:20,14.3,72.0
2025-10-28#06:45:36,14.3,72.0
2025-10-28#06:45:51,14.3,72.0
2025-10-28#06:46:06,14.3,72.0
2025-10-28#06:46:21,14.3,72.0
2025-10-28#06:46:37,14.3,72.0
2025-10-28#06:46:52,14.3,72.0
2025-10-28#06:47:07,14.3,72.0
2025-10-28#06:47:22,14.3,72.0
2025-10-28#06:47:38,14.3,72.0
2025-10-28#06:47:53,14.3,72.0
2025-10-28#06:48:08,14.3,72.0
2025-10-28#06:48:23,14.3,72.0
2025-10-28#06:48:39,14.3,72.0
2025-10-28#06:48:54,14.3,72.0
2025-10-28#06:49:09,14.3,72.0
2025-10-28#06:49:24,14.3,72.0
2025-10-28#06:49:40,14.3,72.0
2025-10-28#06:49:55,14.3,73.0
2025-10-28#06:50:10,14.3,73.0
2025-10-28#06:50:25,14.3,73.0
2025-10-28#06:50:41,14.3,73.0
2025-10-28#06:50:56,14.3,73.0
2025-10-28#06:51:11,14.3,73.0
2025-10-28#06:51:26,14.3,73.0
2025-10-28#06:51:42,14.3,73.0
2025-10-28#06:51:57,14.3,73.0
2025-10-28#06:52:12,14.3,73.0
2025-10-28#06:52:27,14.3,73.0
2025-10-28#06:52:43,14.3,73.0
2025-10-28#06:52:58,14.3,73.0
2025-10-28#06:53:13,14.3,73.0
2025-10-28#06:53:28,14.3,73.0
2025-10-28#06:53:44,14.3,73.0
2025-10-28#06:53:59,14.3,73.0
2025-10-28#06:54:14,14.3,73.0
2025-10-28#06:54:29,14.3,73.0
2025-10-28#06:54:45,14.3,73.0
2025-10-28#06:55:00,14.3,73.0
2025-10-28#06:55:15,14.3,73.0
2025-10-28#06:55:30,14.3,73.0
2025-10-28#06:55:46,14.3,73.0
2025-10-28#06:56:01,14.3,73.0
2025-10-28#06:56:16,14.3,73.0
2025-10-28#06:56:31,14.3,73.0
2025-10-28#06:56:47,14.3,73.0
2025-10-28#06:57:02,14.3,73.0
2025-10-28#06:57:17,14.3,73.0
2025-10-28#06:57:32,14.3,73.0
2025-10-28#06:57:48,14.3,73.0
2025-10-28#06:58:03,14.3,73.0
2025-10-28#06:58:18,14.3,73.0
2025-10-28#06:58:33,14.3,73.0
2025-10-28#06:58:49,14.3,73.0
2025-10-28#06:59:04,14.3,73.0
2025-10-28#06:59:19,14.3,73.0
2025-10-28#06:59:34,14.3,73.0
2025-10-28#06:59:50,14.3,73.0
2025-10-28#07:00:05,14.3,73.0
2025-10-28#07:00:20,14.3,73.0
2025-10-28#07:00:35,14.3,73.0
2025-10-28#07:00:51,14.3,73.0
2025-10-28#07:01:06,14.3,73.0
2025-10-28#07:01:21,14.3,73.0
2025-10-28#07:01:36,14.3,73.0
2025-10-28#07:01:52,14.3,73.0
2025-10-28#07:02:07,14.3,73.0
2025-10-28#07:02:22,14.3,73.0
2025-10-28#07:02:37,14.3,73.0
2025-10-28#07:02:53,14.3,73.0
2025-10-28#07:03:08,14.3,73.0
2025-10-28#07:03:23,14.3,73.0
2025-10-28#07:03:38,14.3,73.0
2025-10-28#07:03:54,14.3,73.0
2025-10-28#07:04:09,14.3,73.0
2025-10-28#07:04:24,14.3,73.0
2025-10-28#07:04:39,14.3,73.0
2025-10-28#07:04:55,14.3,73.0
2025-10-28#07:05:10,14.3,73.0
2025-10-28#07:05:25,14.3,73.0
2025-10-28#07:05:41,14.3,73.0
2025-10-28#07:05:56,14.3,73.0
2025-10-28#07:06:11,14.3,73.0
2025-10-28#07:06:26,14.3,73.0
2025-10-28#07:06:42,14.3,73.0
2025-10-28#07:06:57,14.3,73.0
2025-10-28#07:07:12,14.3,73.0
2025-10-28#07:07:27,14.3,73.0
2025-10-28#07:07:43,14.3,73.0
2025-10-28#07:07:58,14.3,73.0
2025-10-28#07:08:13,14.3,73.0
2025-10-28#07:08:28,14.3,73.0
2025-10-28#07:08:59,14.3,73.0
2025-10-28#07:09:14,14.3,73.0
2025-10-28#07:09:29,14.3,73.0
2025-10-28#07:09:45,14.3,73.0
2025-10-28#07:10:00,14.3,73.0
2025-10-28#07:10:15,14.3,73.0
2025-10-28#07:10:30,14.3,73.0
2025-10-28#07:10:46,14.3,73.0
2025-10-28#07:11:01,14.3,73.0
2025-10-28#07:11:16,14.3,73.0
2025-10-28#07:11:31,14.3,73.0
2025-10-28#07:11:47,14.3,73.0
2025-10-28#07:12:02,14.3,73.0
2025-10-28#07:12:17,14.3,73.0
2025-10-28#07:12:32,14.3,73.0
2025-10-28#07:12:48,14.3,73.0
2025-10-28#07:13:03,14.3,73.0
2025-10-28#07:13:18,14.3,73.0
2025-10-28#07:13:33,14.3,73.0
2025-10-28#07:13:49,14.3,73.0
2025-10-28#07:14:04,14.3,73.0
2025-10-28#07:14:19,14.3,73.0
2025-10-28#07:14:34,14.3,73.0
2025-10-28#07:14:50,14.3,73.0
2025-10-28#07:15:05,14.3,73.0
2025-10-28#07:15:20,14.3,73.0
2025-10-28#07:15:35,14.3,73.0
2025-10-28#07:15:51,14.3,73.0
2025-10-28#07:16:06,14.3,73.0
2025-10-28#07:16:21,14.3,73.0
2025-10-28#07:16:36,14.3,73.0
2025-10-28#07:16:52,14.3,73.0
2025-10-28#07:17:07,14.3,73.0
2025-10-28#07:17:22,14.3,73.0
2025-10-28#07:17:37,14.3,73.0
2025-10-28#07:17:53,14.3,73.0
2025-10-28#07:18:08,14.3,73.0
2025-10-28#07:18:23,14.3,73.0
2025-10-28#07:18:38,14.3,73.0
2025-10-28#07:18:54,14.3,73.0
2025-10-28#07:19:09,14.3,73.0
2025-10-28#07:19:24,14.3,73.0
2025-10-28#07:19:39,14.3,73.0
2025-10-28#07:19:55,14.3,73.0
2025-10-28#07:20:10,14.3,73.0
2025-10-28#07:20:25,14.3,73.0
2025-10-28#07:20:40,14.3,73.0
2025-10-28#07:20:56,14.3,73.0
2025-10-28#07:21:11,14.3,73.0
2025-10-28#07:21:26,14.3,73.0
2025-10-28#07:21:41,14.3,73.0
2025-10-28#07:21:57,14.3,73.0
2025-10-28#07:22:12,14.3,73.0
2025-10-28#07:22:27,14.3,73.0
2025-10-28#07:22:42,14.3,73.0
2025-10-28#07:22:58,14.3,73.0
2025-10-28#07:23:13,14.3,73.0
2025-10-28#07:23:28,14.3,73.0
2025-10-28#07:23:43,14.3,73.0
2025-10-28#07:23:59,14.3,73.0
2025-10-28#07:24:14,14.3,73.0
2025-10-28#07:24:29,14.3,73.0
2025-10-28#07:24:44,14.3,73.0
2025-10-28#07:25:00,14.3,73.0
2025-10-28#07:25:15,14.3,73.0
2025-10-28#07:25:30,14.3,73.0
2025-10-28#07:25:45,14.3,73.0
2025-10-28#07:26:01,14.3,73.0
2025-10-28#07:26:16,14.3,73.0
2025-10-28#07:26:31,14.3,73.0
2025-10-28#07:26:46,14.3,73.0
2025-10-28#07:27:02,14.3,73.0
2025-10-28#07:27:17,14.3,73.0
2025-10-28#07:27:32,14.3,73.0
2025-10-28#07:27:47,14.3,73.0
2025-10-28#07:28:03,14.4,73.0
2025-10-28#07:28:18,14.4,73.0
2025-10-28#07:28:33,14.4,73.02025-10-28T14:14:19+00:00,14.4,73.0
2025-10-28T14:14:36+00:00,14.9,71.0
2025-10-28T14:14:46+00:00,15.1,70.0
2025-10-28T14:17:44+00:00,15.3,69.0
2025-10-28T14:17:54+00:00,15.4,68.0
2025-10-28T14:18:04+00:00,15.4,68.0
2025-10-29T16:01:53+00:00,14.8,73.0
